X,Y,FID,globalid,EditDate,POC_name,POC_phone,POC_email,SITE_name,SITE_website,SITE_specific_location,Time,PublicNotes,SITE_address1,SITE_address2,SITE_city,SITE_state,SITE_zip,STATUS,Population_Served,Population_Served_filter,Volunteer,Volunteer_Info,Limited,CATEGORY
-79.983429664,40.3215246930001,60,{DE34C305-4BD2-40A5-AE4F-21B8BC1B61A4},2020/03/24 19:38:33,,,,Broughton Fire Hall,,(none),Call for times,Caseworkers can pick up for families. Doorstop delivery available ,1030 Cochrans Mill Road,,Pittsburgh,PA,15236,active,Any Families in Need,"everyone,students,senior_citizens",,,,Other
-79.981859786,40.2899573990001,66,{DB282898-F75D-4A34-B9D7-D9ABE5D10141},2020/03/24 19:39:17,,,,South Park Italian Village Pizza,,(none),"Until 9am, 11am-12:30pm",Will provide lunch at Breakfast,2951 Ridge Road ,,South Park ,PA,15219,active,Children,students,,,,Other
-79.932371185,40.3609648080001,67,{62178DB5-C45C-48CD-8C68-9B099EB9D5E8},2020/03/24 19:39:25,,,,Mulligan’s Sports Bar and Grill,,(none),"Monday-Friday, 11:30-1:30pm",Pizza Slice and Apple Sauce OR Chicken Tenders and Fries,1013 Lebanon Road ,,West Mifflin ,PA,15122,active,Children up to age 14,students,,,,Other
-80.001529434,40.479632107,139,{88663BE3-DE50-4F31-93ED-4F6ABE1323F0},2020/03/24 19:42:52,,,,Northview Heights Gym,,(none),"Monday-Friday, 11-1pm",,425 Mt. Pleasant Road ,,Pittsburgh,PA,15214,active,Contact for more details.,none_of_the_above,,,,Other
-79.926287513,40.4097395320001,140,{FC2963B7-A5EB-4F79-94D3-DD04EBBAFF69},2020/03/24 19:42:55,,,,Glen Hazel Recreation Center,,(none),"Monday-Friday, 11-1pm",,895 Johnstown Ave,,Pittsburgh,PA,15207,active,Contact for more details.,none_of_the_above,,,,Other
-79.704232066,40.4632882670001,141,{DA775DE9-17C6-4041-9A40-D4D7D4EE0626},2020/03/24 19:42:58,,,,Holiday Park,,Entrance 4,"Monday-Friday, 8-9am, 11am-1pm",,80 Sandune Drive,,Plum,PA,15239,active,Contact for more details.,none_of_the_above,,,,Other
-79.842255581,40.525651888,168,{44B9753A-6AAC-4362-852D-F0AEF712AAB1},2020/03/26 21:17:06,"Sparkt, Marty Griffin - GET MARTY",,,Oakmont Bakery,https://www.facebook.com/events/2239748849654462/,drive-through service,"Monday, March 23, 9:00AM until run out of food","Turkey, roast beef and cheese sandwiches with chips

Sparkt Marty Griffin - GET MARTY  has partnered with Chaffin Luhana Foundation, Oakmont Bakery, Nation's Best Meat Wholesalers, Lamagna Cheese, UTZ Quality Foods INC., Sam's Club, Oakmont Deli, Bird Dog's Sports Bar & Grill, 412 Food Rescue, and Audio Visual Productions to help feed people in the Pittsburgh area during these trying times.",1 Sweet St.,,Oakmont,PA,15139,closed,anyone,closed,No,,no,Other
-79.893254525,40.4320843410001,171,{40A8A590-EFC0-4720-881B-C611081267D7},2020/03/26 21:17:07,,,,Square Cafe,https://www.facebook.com/SquareCafe/,(none),"Will assess again on Monday, March 23 if giving away food again","Check Facebook for updates.

Monteverde’s Produce has donated fresh produce to our grocery store. We will be setting up outside of the Café TODAY for folks to come and take what they need FOR FREE- NO QUESTIONS ASKED. We will be monitoring safe distances so you can pick up your FREE produce quickly and safely. Please take advantage of this if you need food or have been put in a financial pinch.

PLEASE NOTE: We are a small business as well so if you are not in need financially but have grocery and food needs, please consider shopping our groceries located on our website for carryout or delivery.

SAFETY RULES:
- YOU MUST WEAR GLOVES! (We will provide them for you)
- ONE AT A TIME!
- THE NEXT PERSON IN LINE MUST STAND AT THE FIRST TAPE MARK! (6 FEET OF SAFE DISTANCE)
- EVERY PERSON IN LINE WILL NEED TO STAND AT A 6 FOOT TAPE MARK!
- DO NOT GO TO THE NEXT TAPE MARK OR SHOP THE TABLE UNTIL THE PREVIOUS PERSON HAS FULLY LEFT THE AREA!
GO HOME, WASH YOUR HANDS, WASH YOUR PRODUCE, AND ENJOY!",1137 S Braddock Ave,,Pittsburgh,PA,15218,active,Everyone,"everyone,students,senior_citizens",No,,,Other
-80.050071637,40.408358895,173,{59C52E90-6A24-43D5-877E-104D5389259F},2020/04/27 19:51:03,Molly Penderville,412-854-9120 x108 ,mpenderville@shimcares.org,Wallace Food Pantry,https://shimcares.org/basic-needs/#1516372039366-428066b2-643c,"(none)


","Tuesdays: noon-1pm
","Please call to schedule a pick up at 412-561-7551

",1146 Greentree Rd,,Pittsburgh,PA,15220,closed,"SHIM site - Serving Baldwin/Whitehall, Bethel Park, South Park, Keystone Oaks, Mt Lebanon, Upper St Clair",closed,No,,no,
-79.982499698,40.46390748,176,{9AE71D5F-AAF9-4FF7-87CB-7A8FB4E654D3},2020/03/21 21:18:58,,412-251-0822,scratchfbpgh@gmail.com,Scratch Food and Beverage,http://www.scratchfoodbev.com/#hang-together,(none),taking orders at all times. we will call you to confirm your pick up.,"We are no longer operating as a restaurant. Instead, your favorite space where friendly paths intersect is now the place where you can order food, beverage, and household items that you will need to get you through this time. Many items will be available to you at no cost. 

Look through our inventory under “order here”. If you need something that isn’t listed, send us an email. We will work to find it for you. 

Once you place your order, wait for a call from us. We will walk you through our pick up procedure, and schedule your pickup time with everyone’s safety in mind. 

We are working on being able to accept orders for delivery and ACCESS payments. When those are available, we will let you know. ",1720 Lowrie Street,,Pittsburgh,PA,15212,active,anyone,"everyone,students,senior_citizens",No,,,
-80.0181273429999,40.547618551,177,{99AF1DBD-6E23-4C1F-8482-86265FD2C7AA},2020/03/21 21:18:47,Usha Sethi (Owner),412-364-1760 or 412-585-4103,,Taj Mahal Restaurant,https://www.facebook.com/tajmahalpittsburgh/,(none),anytime,"Pittsburgh is the city that welcomed my husband and I as immigrants in 1985- it’s the city that raised my two wonderful children. In these trying times it’s critical that we all look out for the most vulnerable in our community. If you are a senior or know of a senior in need of a meal in the North Hills, please contact me and we will arrange for a free lunch/dinner to be delivered to their home or available to be picked up. And if you are a family that’s struggling, please reach out as well- You have all supported our business through good times and bad, now is our chance to do the same.",7795 McKnight Rd,,Pittsburgh,PA,15237,active,senior citizens & struggling families ,"everyone,students,senior_citizens",No,,,
-79.9411726659999,40.4647654500001,178,{741679C5-66C2-4750-8D9A-4E1E79DAB605},2020/03/21 21:19:08,,412-661-3160,,Peoples Indian Restaurant,https://www.facebook.com/Peoples-Indian-Restaurant-102222336506476/,(none),Pick up available from 11:30am to 2:30pm Monday thru Saturday. Please call ahead so we can minimize contact.,"togo lunch box of chicken curry, chick peas, and rice available for pick up", 5147 Penn Ave,,Pittsburgh,PA,15224,active,Peoples Indian Restaurant is humbly extending a helping hand to its neighbors who may be in need. ,"everyone,students,senior_citizens",No,,,
-79.9958213209999,40.4437761720001,182,{4B7CC60F-E9D4-4C2D-8555-056F86CCFEF4},2020/03/21 22:53:47,,412 577 7300‬,,Pizza Parma (Downtown),https://www.facebook.com/Pizza-Parma-120779961271306/,(none),"Business hours (but free pick-up hours may vary. previously from 11am-9pm):
Mon– Thur |9 AM - 1 AM
Fri - Sat |9 AM- 2 AM
Sunday |10 AM - 1 AM

Place an order and present an Identifying Badge when picking up your pizza. ",Please identify Yourselves as On-Duty First Responders 🚓🚑🚒when calling. Place an order and present an Identifying Badge when picking up your pizza.,963 Liberty Ave,,Pittsburgh,PA,15222,active,"On-Duty Police👮‍♀️,Paramedics🚑and Firefighters🚒 are able to order and pick up a FREE ANY SIZE PIZZA",none_of_the_above,No,,,
-79.9248022149999,40.4583984660001,183,{3956C27E-DAB2-44CE-8077-CC87ED186F2F},2020/03/21 22:53:31,,412 441 6600‬,,Pizza Parma (Shadyside),https://www.facebook.com/Pizza-Parma-120779961271306/,(none),"Business hours (but free pick-up hours may vary. previously from 11am-9pm):
Mon– Thur |9 AM - 1 AM
Fri - Sat |9 AM- 2 AM
Sunday |10 AM - 1 AM

Place an order and present an Identifying Badge when picking up your pizza.",Please identify Yourselves as On-Duty First Responders 🚓🚑🚒when calling. Place an order and present an Identifying Badge when picking up your pizza.,217 S. Highland Ave.,,Pittsburgh,PA,15222,active,"On-Duty Police👮‍♀️,Paramedics🚑and Firefighters🚒 are able to order and pick up a FREE ANY SIZE PIZZA",none_of_the_above,No,,,
-80.236937483,40.545558429,184,{6AEA7BB9-F4A7-47C8-8CCD-E505DA549664},2020/03/21 23:03:33,,,,Riverdale United Presbyterian Church,https://www.facebook.com/RiverdaleUnitedPresbyterianChurch/,(none),24/7,"Riverdale Portico Pantry:  There are shelves outside the church. You are welcome to fill them with essential grocery items. Put food that animals can get into, in the cabinets with doors.

(Current need more cabinets with doors)

Likewise if you need anything come and take. It’s open 24/7. We just ask that you take only what you need and save some for others. If you have needs let us know we will do our best to help.",1555 Brodhead Rd,,Moon Township,PA,15108,active,If you need anything come and take. It’s open 24/7. We just ask that you take only what you need and save some for others. ,"everyone,students,senior_citizens",No,,,
-80.057119713,40.4964042710001,185,{6CCD0288-8FCF-4E98-8002-8846612C3E5D},2020/03/21 23:34:58,,,,Little Free Pantry in Bellvue,,(none),24/7,(at an old church that's used for community events),2 N Sprague Ave,,Bellevue,PA,15202,active,anyone,"everyone,students,senior_citizens",No,,,
-80.022488886,40.395228784,187,{A520E2DF-0D13-4399-89E6-44E3463E3325},2020/03/22 00:23:52,Christian + Rebecca,,,Menuette: pay-what-you-can Community Kitchen Store,https://www.facebook.com/pg/menuettepgh/,(none),"preorders are live. estimated delivery date is monday, march 30th; see https://www.menuettepgh.com/ for more details","Currently only soups will be available, but we hope to expand into a larger pay-what-you-can menu in the future.",600 Brookline Blvd,,Pittsburgh,PA,15226,active,"The goal of the Community Kitchen Store program is to connect those who are suffering from financial or food instability with those who can afford to pay a little extra in order to help their neighbors in need. As this program is still in its pilot phase, it will be limited to South Pittsburgh + South Hills Residents only. ",none_of_the_above,No,,,
-79.992798465,40.454955683,189,{309E0A38-3BD9-4BC8-82D7-D233BF20EF2C},2020/03/22 00:57:44,,,,Sarah Heinz House,https://www.facebook.com/pg/sarah.h.house/, parents can pull up to the circle for curb side pick up,Monday-Friday 4:30pm - 6:00pm,grab’n go meals,1 Heinz Street,,Pittsburgh,PA,15212,active,school age youth,students,No,,,
-79.813597336,40.4618702,190,{8278FDED-823C-4FFD-8D76-5D3A7BBE8EC9},2020/03/22 01:04:36,,,,Blessing Box at God's Choice Church,https://www.facebook.com/GCCPennHills/,(none),24/7,(none),715 Universal Road,,Pittsburgh,PA,15235,active,anyone,"everyone,students,senior_citizens",No,,,
-80.0231770189999,40.551239234,192,{25D2FCAE-ACB5-4B0A-8260-F036E15265BF},2020/03/22 02:15:05,,,,Piada's Kids Free Lunch Program,https://mypiada.com/blog/to-our-community,(none),"Monday – Friday (March 16 – April 3), during lunch hours of 10:45am - 1:00pm","meals are pasta with sauce, cheese and a fountain drink",6296 Northway Mall Drive,,Pittsburgh,PA,15237,active,K-12 students part of the School Lunch program who are affected by the closures,students,No,,,
-79.95744381,40.4402724390001,193,{1D809F32-5B8D-4D78-8CA6-30352BD40C59},2020/03/22 02:15:15,,,,Piada's Kids Free Lunch Program,https://mypiada.com/blog/to-our-community,(none),"Monday – Friday (March 16 – April 3), during lunch hours of 10:45am - 1:00pm","meals are pasta with sauce, cheese and a fountain drink",3600 Forbes Ave,,Pittsburgh,PA,15213,active,K-12 students part of the School Lunch program who are affected by the closures,students,No,,,
-79.760194822,40.3424243170001,194,{2163139F-93A1-4003-8125-C8C72DD484DE},2020/03/22 02:15:24,,724-382-5006,infernopizza@gmail.com,"Inferno Pizza, Pasta, & Wings Restaurant",https://www.facebook.com/infernopizzanorthhuntingdonpa/,(none),Any school day 11:00am-2:00pm,"Lunches include (1) Cheese slice of Pizza with (1) topping & (1) Small fountain drink.  Just mention ""Free Student Lunch"" when ordering. Each Norwin student must be present when receiving the FREE Student Lunch. Call for details. Restrictions may apply.",13380 Route 30,,Irwin,PA,15642,active,Norwin Students,students,No,,,
-79.6698274249999,40.313309243,195,{1E3479CB-1448-48BC-85D2-AF7F561E404D},2020/03/22 02:15:31,,724-864-7474,,Irwin Dairy Queen,https://www.facebook.com/IrwinDairyQueen/,(none),"Monday, March 23 - Friday, March 27
11:30 am - 2:30 pm","Drive thru is also available. Must mention ""Free Student Lunch"" when placing order. Each student must be present when receiving the lunch. Due to inventory, will be limiting free student lunches to a chicken strips kids meal, including an ice cream of your choice.", 7578 Rte 30,,Irwin,PA,15642,active,kids,students,No,,,
-79.6158730989999,40.3268447460001,196,{78861783-8704-4387-81F5-5FDCCB8154BA},2020/03/22 02:21:40,,724-610-2736,,JTown Kitchen,https://www.facebook.com/pages/category/Diner/JTown-Kitchen-104126047687259/,(none),"Monday - Friday, 7:00 am - 4:00 pm","JTown Kitchen will be open for take out, delivery and Door dash. Call us at 724-610-2736 to place your order.",109 South 2nd Street,,Jeanette,PA,15644,active,school-age children of Jeanette,students,No,,,
-79.77925838,40.489948101,197,{AC5DD8CE-2F6A-4FBA-838B-65211F843E46},2020/03/22 12:10:28,,412-795-1229,,Lelulo's Pizzeria,https://www.facebook.com/Lelulos/,(none),"(hours from a 3/20 Facebook post)
Tuesday-Sunday, 11:00am - 8:00pm",(none),311 Unity Center Rd,,Plum,PA,15239,active,kids,students,Yes,"From a 3/20/20 Facebook post:   I will be asking for more and more volunteers so we can attempt some curbside but it is not very easy with the amount of children we’ve been getting. 

(I assume you should them through Facebook or phone if you're interested helping distribute.)",,
-79.585264324,40.1099117950001,198,{EA816521-ACD8-496B-8123-A5CE480F9A8B},2020/03/22 12:31:38,Big Mike,724 220-5255,,Mad Pies,https://www.facebook.com/MadPiesScottdale/,(none),"Lunches available starting at 11am
Delivery available as drivers are available",Call in to order your free k-12 student lunch, 811 Water Street,,Scottdale,PA,15683,active,local children within a 5 mile radius of shop in Scottdale,students,Yes,"Call the General Manager for more details or find ""Michael Radzilowski"" on Facebook and send a private message.",,
-79.579188425,40.237927358,199,{8E1B924F-4A48-4B4A-8757-C6E6A4C572B3},2020/03/22 12:45:09,,,,Rocco’s Pizzeria,https://www.facebook.com/pg/RoccosPizzeria/,(none),"Will distribute Monday-Friday, March 23-27, 11:00am - 3:00pm; can continue longer if they have the supplies and manpower",just as for a student lunch,112 S 3rd St,,Youngwood,PA,15697,active,anyone under the age of 18,students,No,,,
-79.6091862439999,40.2187309190001,200,{4C421A41-99E4-49DD-858B-A4C0C5C871D3},2020/03/22 12:58:30,,724-797-2591,,Big Black Grill,https://www.facebook.com/Bigblackgrill/,(none),check website or call for times or updates,(none),103 East Byers Ave.,,New Stanton,PA,15672,active,"any students in need; other specials may happen to check Facebook page for updates (they gave free lunch to grocery store/gas station attendants one day)",students,No,,,
-79.619872616,40.208290564,201,{E25CEE72-6D1E-4E1E-80F1-3A3FB3915535},2020/03/22 13:06:23,,,,"Fox's Pizza Den (Hunker, PA)",https://www.facebook.com/foxshunker/,(none),"Monday-Friday March 23-27, 11:00 am - 2:00 pm;
Check Facebook if will extend lunch offer",For the students that can drive or the parents that want to bring the kids in .We are still offering Lunch. 🍕one Free Slice of pizza & bottled water .,1669 New Stanton Ruffsdale Rd,,Hunker,PA,15639,active,students K-12 ( student must be present when picking up lunch),students,No,,,
-79.403717991,40.120870462,202,{0EE14539-DFE8-486E-8024-0CC290A89FFE},2020/03/22 14:29:09,,724-423-4566,,Brady's Restaurant,https://www.facebook.com/pg/Bradys-Restaurant-219684391382258,(none),Check Facebook if will extend lunch offer,"FREE LUNCH MENU FOR CHILDREN IN NEED:
(Please call to order)

Chicken Fingers and French Fries
Grilled Cheese and French Fries

All meals come with choice of Grapes or a Tossed salad

Cup of Chocolate or White Milk (while milk supplies last)", 3242 State Route 31,,Acme,PA,15610,active,children in need,students,No,,,
-80.0375621429999,40.3960611470001,203,{2FE0A030-71B2-4DFE-85B4-75F794362280},2020/03/22 14:12:37,Carla Chugani,,hatefreedormont@gmail.com,Dormont Little Free Pantry,https://www.facebook.com/groups/791412254372478/,"Pantry box is located on the front porch of the house.  It can be accessed any time - no appointment is needed.  Please note that some foods may be brought inside at night (e.g., canned and jarred goods) if the temperature drops below freezing - this is to ensure food safety.  If you are in need of particular items (e.g., baby products) or have special food needs (e.g., allergies, celiac, etc.), you can email us at hatefreedormont@gmail.com and we will do our best to source items for you and schedule a pick-up time.","The pantry box is available 24/7, no appointments are needed.  Please note that some foods may not be available if the temperature is too low or high for food safety reasons since this is an outdoor location.","We rely on donations, but have tried to encourage donors to give the following items:
-Bags of rice, bags/boxes of beans and rice mix (e.g., red beans and rice)
-Canned vegetables, fruits, and soups
-Cereals, oats, and shelf stable milk
-Mac and cheese, pasta, and jarred sauce
-Individually wrapped rolls of toilet paper
-Hygiene products including soaps, shampoos, toothpaste, tooth brushes, and menstrual pads
-Snacks (e.g., goldfish crackers, snack packs)",2958 Belrose Ave,Front Porch,Pittsburgh,PA,15216,active,All are welcome.,everyone,No,,,
-79.9566213849999,40.480189158,204,{5CAF318C-A0B3-49BD-8389-42BFFF9B9DF9},2020/03/22 15:43:48,David Breingan,412.802.7220,info@LUnited.org,Lawrenceville United,www.LUnited.org/coronavirus,"From Butler Street, head north (towards the Allegheny River) onto 51st Street. Turn right as if accessing the parking lot for Thriftique / Allegheny Health Network. Follow driveway to rear of building. The food distribution location is in the rear of that building, by the loading docks, in the approximate middle of the building.",Friday afternoons. Please call Lawrenceville United at 412-802-7220 by 11 a.m. on Fridays to get on our list to receive a box of food. Leave your number and we will call you when it's ready.,"We are practicing social distancing. Please maintain 6 feet distance from us and others at all times. We ask you remain in your vehicle and pop the trunk and we will load the box directly into the trunk. 

We receive the donations from Whole Foods through 412 Food Rescue. We can't anticipate what will come and how much. ",125 51st Street,Rear,Pittsburgh,PA,15201,active,Lawrenceville residents preferred.,"everyone,students,senior_citizens",Yes,We need volunteers to help pack the boxes and deliver it to higher risk populations in Lawrenceville.,,
-79.545077253,40.301893959,205,{482D345E-FE7D-440F-8CC6-77B5C5D60EAE},2020/04/06 18:05:39,Jessica Hickey,,hello@downtowngreensburgpa.us,Greensburg South Pennsylvania Ave Parklet,https://www.downtowngreensburgpa.us/?page_id=8081&preview=true,(none),24/7,"The Greensburg South Pennsylvania Avenue Parklet Little Free Pantry accepts and distributes non perishables, paper and hygiene products.",135 South Pennsylvania Avenue,,Greensburg,PA,15601,active,Any populations are eligible.,everyone,No,,,
-79.54179525,40.303512,206,{B7A3CDCB-3FA3-45B8-8FD0-AB6F536778A6},2020/04/06 18:06:28,Jessica Hickey,,hello@downtowngreensburgpa.us,Greensburg St. Clair Park,https://www.downtowngreensburgpa.us/little-free-pantries/,This pantry is located on the right side of the amphitheater.,24/7,"The Greensburg St. Clair Park Little Free Pantry accepts and distributes non perishables, paper and hygiene products.",North Maple Avenue,,Greensburg,PA,15601,active,Any populations are eligible.,everyone,No,,,
-79.536644445,40.309347544,207,{DB34A7AC-A5CE-4A1A-8025-1F9D6B2A98FD},2020/04/06 18:06:17,Jessica Hickey,,hello@downtowngreensburgpa.us,Greensburg Lynch Field,https://www.downtowngreensburgpa.us/little-free-pantries/,Located in the pavilion next to the fire training tower.,24/7,"The Greensburg Lynch Field Little Free Pantry accepts and distributes non perishables, paper and hygiene products.",520 New Alexandria Rd.,,Greensburg,PA,15601,active,Any populations are eligible.,everyone,No,,,
-80.023169195,40.2858680800001,208,{B2A4AA34-EA74-4A65-8CDF-9AA86DF5D716},2020/03/22 19:31:03,Cyd West,412-835-7114 ,Brucerayner@comcast.net,Library Volunteer Fire Company,https://www.libraryvfc.com/,Drive up service,"Monday 10 am - 12:30
Wednesday 10 am - 12:30
Friday 10 am - 12:30",Pre made food.  Packed cold and given cold,6581 Library Road ,,South Park ,PA,15129,active,Any age is welcome ,everyone,No,,,
-79.845802837,40.4062601260001,209,{F153FBFC-2C33-4454-86D6-783837D0F45A},2020/04/01 20:16:02,Frank,412-824-1616  - select option for North Braddock Food Bank,,Bridge City Church Food Pantry,https://www.bridgecitypgh.com/,No. ,Monday-Friday. 10am-Noon. ,Only 1 bag per person. ,1200 Wolfe Avenue,,North Braddock,PA,15104,active,Need to call ahead and let them know you are coming. Anyone can come.,"everyone,students,senior_citizens",Yes,Food pick ups for distibution site. ,,
-79.871682925,40.4062774870001,210,{6E766FFF-8F0A-4439-8006-D2F3B39EFA83},2020/03/22 19:32:36,Reena,412-351-7055,rgoodman@greatervalley.org,Greater Valley Community Services,www.greatervalley.org,Call ahead to confirm food availability and hours,Mon-Fri 8:30 am to 4:30 pm,Recommend that you wear gloves to pick up your food.,300 Holland Ave,,Braddock,PA,15104,active,All are welcome,"everyone,students,senior_citizens",No,,,
-79.9420725,40.403889,211,{D6D333B9-98A9-4D05-84C3-1AF3FE6A12A2},2020/03/22 19:57:44,Walt and Ginger,412-465-5916,vkbrooks14@yahoo.com,Holy Cross Lutheran Chapel : Hazelwood,,(none),Generally Mon-Fri 10:30 am to 2:30 pm,"Recommend that you wear gloves to pick up your food.  Feel free to call, someone can meet you to pick up.  Email is not preferred, please call!",5319 2nd Ave,,Pittsburgh,PA,15207,active,All are welcome,"everyone,students,senior_citizens",No,,,
-79.722075494,40.6126886660001,213,{A6D6399F-CC19-4CFC-8E2C-C6C904527D8C},2020/03/23 04:01:25,Tricia Ritchie,724-257-1117,tricia@everyblockcounts.org,Building Block of Natrona - Veggies for All,https://www.facebook.com/events/677873892959940/,"Distributed from the Knights of Columbus hall. During COVID-19, distribution occurs at building entrance. Accessible location. ",Monthly distribution. Occurs on third Saturday of each month. Doors open at 1 pm. (Line typically starts by 12:30). Food is usually gone by 1:30 pm. We partner with 412 Food Rescue and regularly receive donations to share with the community.,"We provide fresh produce through this program. Typically, based on donations, we have a mix of potatoes, carrots, peppers, oranges, bananas, apples and lettuce. We also provide health/hygiene products at this event through a sister program called Cosmetics Closet. We often have soap, shampoo, toilet paper - usually we focus on one item/month.",28 Garfield Street,,Natrona Heights,PA,15065,active,Open to any adult. You do not have to live in Natrona to be eligible. You do not have to show proof of income. One distribution/household.,"everyone,students,senior_citizens",No,,,
-79.86453,40.3858200060001,214,{59E76D9F-4F9B-4887-826E-89DF2498AA99},2020/03/24 01:11:57,,,,Food Bank Kennywood Distribution,https://triblive.com/local/pittsburgh-allegheny/greater-pittsburgh-food-bank-to-hold-food-distribution-event-monday/,(none),March 23 4-6pm,(none),4800 Kennywood Blvd,,West Mifflin,PA,15221,closed,"capped at 1200 families.
Food orders will be limited to one per car.",closed,No,,no,
-80.002061177,40.456369109,223,{04A02DEC-7B65-4CE2-8BB9-33C27F7D10C8},2020/03/24 11:32:41,Tori,412-359-4030,,Allegheny Health Network : Healthy Food Center Northside,,(none),Mon-Fri 9:00 AM to 4:00 PM,,490 East North Avenue,,PIttsburgh,PA,15212,active,You must have a referral from a doctor of from a community organization to access food.  Please call ahead so the food can be ready for you to pick up.,none_of_the_above,No,,no,
-79.918289936,40.5127403340001,225,{740D2872-A3E7-4102-8277-231A1DC61148},2020/03/24 13:10:35,Daniel Breitkreutz ,4129674409,Cafecomments@fcasd.edu,Kerr Elementary School,FCASD.edu,(none),Wednesday 12:00 pm to 1:30 pm ,Intended to serve FCASD students and remain in place until FCASD students return to school or school year ends.  ,341 Kittanning Pike,,Pittsburgh,PA,15215,active,FCASD eligible students-free and reduced status,students,No,,no,
-79.7641914179999,40.561087786,226,{AAF6EC26-E2C2-49E1-8D08-D2AAFC0C2807},2020/03/24 14:10:04,,,,United Presbyterian Church of New Kensington,https://www.facebook.com/TUPCNK/,(none),We plan to continue for as long as we are able. We will be there Monday-Friday 12-1,(none),601 5th Ave,,New Kensington,PA,15068,active,Grade school and college students can ring a doorbell at the entrance marked No. 3 to pick up a bag of food. No sign-ups required ,students,No,,,
-80.0668062789999,40.445877534,288,{C4AF4E2B-4128-4C65-8A7C-C7FF9E46C14A},2020/03/24 16:43:00,Cortney Marsilio,412-490-6500 Ext 1651,gillc@montourschools.com,Ingram Borough Building,,(none),Monday-Friday 10:45am-11:15am,(none),40 W. Prospect Avenue,,Pittsburgh ,PA,15205,active,Students of the Montour School District,students,No,,no,
-79.849083579,40.3737283940001,290,{1F5911C6-E876-4DE3-8012-B44E7B5E9A86},2020/03/24 18:39:58,,,,Duquesne-West Mifflin Boys & Girls Club,,BGCWPA in partnership with West Mifflin Area School District will be distributing meals in take-out form.,11 AM - 1 PM,(none),29 N. 3rd Street,,Duquesne,PA,15110,active,Youth and families.,everyone,No,,no,
-80.083277977,40.405369168,291,{760A8BF6-AD08-4179-8725-D998792CC986},2020/03/24 18:53:14,,,,Saint John Lutheran Church - Across from Carnegie Boys & Girls Club,,(none),12 noon - 1 PM,Families can stop in for free groceries.  Please call 412-279-2952 Ext: 7 to arrange a time.,601 Washington Avenue,,Carnegie,PA,15106,active,Children 18 and under.,everyone,No,,no,
-80.0010728839999,40.4789727610001,297,{91FC6291-937F-45BE-A9E9-021642B765F9},2020/04/02 19:41:57,,412-323-1020,snevels@ulpgh.org,Northview Heights Family Support Center,,Family Support Center,"This location has access to diapers, wipes, and formula but centers are closed and supplies are limited, so please call ahead","This location has access to diapers, wipes, and formula but centers are closed and supplies are limited, so please call ahead",437 Mount Pleasant Road,,Pittsburgh,PA,,active,focus on families with infants or toddlers,family_support,,,no,Family Support Center
-79.845799569,40.4061650150001,299,{B95FC27D-43C7-48EF-9C48-5A45A5CB29DF},2020/03/24 17:20:53,,412-824-1616,,Greater Pittsburgh Word and Worship,,,,"For intake, call the non-profit. They work to prevent hunger in families and offer resources to meet this need.",1200 Wolfe Avenue & Brinton Road,,North Braddock,PA,15104,active,everyone,everyone,,,,
-79.914169951,40.4624096800001,301,{78B9A2A7-40D9-4CBC-BA1B-7B50D8B7421E},2020/03/24 17:20:46,,412-441-1883,,Mt. Ararat Community Center,,,,"Stop by to receive perishable items such as meats and vegetables, meals, and groceries. There is food for those in an emergency as well as the elderly, among others.",271 Paulson Avenue,,Pittsburgh,PA,15206,active,everyone,everyone,,,,
-80.026773083,40.4665949220001,307,{F5863712-8472-4025-9C1E-71C807E452A0},2020/03/24 17:20:30,,412-231-5200,,Love Food Ministry,,,,"The ministry may have baby goods, meals, and referrals to human service and public aid.",2501 Stayton Street,,Pittsburgh,PA,15214,active,none_of_the_above,none_of_the_above,,,,
-80.025291849,40.4562011400001,308,{6E7DFB29-6673-44CB-9066-1F6F3ADDB35A},2020/03/24 17:20:28,,412-321-1071 ext. 202,,St. Vincent DePaul Center,,,,"Food is available along with emergency financial aid, shelter, and home delivered meals for senior citizens in Allegheny. Volunteers assist the working poor and help children as well.",1243 North Franklin Street,,Pittsburgh,PA,15233,active,none_of_the_above,none_of_the_above,,,,
-79.8997950529999,40.45539933,309,{1E16AFD4-59FE-4529-B007-6C9BE9229AA9},2020/03/24 17:20:25,,412-441-8243,,Nazarene Baptist Church,,,,"The homeless can get a meal, warm winter coat, boots, and other needs met.",7053 Hamilton Avenue,,Pittsburgh,PA,15208,active,none_of_the_above,none_of_the_above,,,,
-80.083353648,40.408044642,311,{9B0E9151-78D2-41E5-9139-5DD3573A6649},2020/03/24 17:20:21,,412-276-4757,,Salvation Army-Chartiers Valley,,,,"Runs a thrift store, clothing, offers meals to the low income, elderly, and homeless, and a number of other government and state assistance programs.",505 Washington Avenue,,Carnegie,PA,15106,active,none_of_the_above,none_of_the_above,,,,
-79.9989317719999,40.4376299140001,313,{F42E4C1B-A008-4B9D-8BF7-9E9AB7112DFC},2020/03/24 17:20:16,,412-394-4885,,Salvation Army-Social Services,,,,"Call to learn about various assistance programs, both financial and others such as food, thrift stores, and clothing. Case management can help people apply for state of Pennsylvania and federal government assistance, including food stamps, SNAP, and food for teenagers.",424 Third Avenue,,Pittsburgh,PA,15219,active,students,students,,,,
-79.991453521,40.4385126620001,320,{A5794A12-B50F-4CEC-9D54-DD9BF3405322},2020/03/24 17:19:54,,412-391-1348 ext. 140,,Bethlehem Haven,,,,,905 Watson Street,,Pittsburgh,PA,15219,active,everyone,everyone,,,,
-79.964668478,40.4661412930001,322,{8B0D96A0-E7D8-41DD-BE7C-C1FE9E2BC07A},2020/03/24 17:19:45,,412-681-1110,,Hunger Services Network,,,,,204 37th Street,,Pittsburgh,PA,15201,active,everyone,everyone,,,,
-80.004617348,40.439586788,326,{934276C8-B915-48B1-A2F6-D153C49E323B},2020/03/24 17:19:35,,412-281-3141 or 412-261-0110,,St. Maryâ€™s Red Door,,,,,107 Boulevard of the Allies,,Pittsburgh,PA,15222,active,everyone,everyone,,,,
-80.020833835,40.5466731500001,331,{8A84D083-0003-456C-A632-E5F6173EF2B1},2020/03/24 17:19:17,,(412) 366-7473,,North Hills Food Bank - Amarraca Branch,,,,,99 Corbett Ct,,Pittsburgh,PA,15237,active,everyone,everyone,,,,
-79.916856928,40.463942956,332,{E14EC61B-96EC-4C71-9B12-2BE4496E244D},2020/03/24 17:19:15,,412-665-0223,,Auburn Towers Food Pantry,,,,,6290 Auburn Street,,Pittsburgh,PA,15206,active,everyone,everyone,,,,
-79.8940129819999,40.469799676,333,{4A6FD984-E252-4A07-ADA0-6734FCB77BD9},2020/03/24 17:19:13,,412-731-3020,,Corpus Christi Food Pantry,,,,,1550 Lincoln Avenue,,Pittsburgh,PA,15206,active,everyone,everyone,,,,
-79.887636331,40.440227473,334,{AF4127F7-D8E8-4C44-8DA5-15CFB2B80691},2020/03/24 17:19:09,,412-727-2031,,Dumplin Hall Food Pantry,,,,,502 Hay Street,,Wilkinsburg,PA,15221,active,everyone,everyone,,,,
-79.82276135,40.4652862610001,336,{8672DFF4-4E03-475B-B457-5E9D9CED4FDD},2020/04/02 19:45:50,,412-242-7748,,Jefferson Manor Food Pantry,,Food Pantry is for residents of Jefferson Manor Only NOT OPEN TO THE PUBLIC,Food Pantry is for residents of Jefferson Manor Only NOT OPEN TO THE PUBLIC,Food Pantry is for residents of Jefferson Manor Only NOT OPEN TO THE PUBLIC,201 Jefferson Road,,Pittsburgh,PA,15235,active,Food Pantry is for residents of Jefferson Manor Only NOT OPEN TO THE PUBLIC,senior_citizens,,,no,
-80.052848114,40.4626567350001,340,{42191236-8194-44CB-BF49-2FCAEDB2D572},2020/03/24 17:18:52,,412-331-5599,,Esplen Senior Citizens Association Food Pantry,,,,,200 Tabor Street,,Pittsburgh,PA,15204,active,everyone,everyone,,,,
-80.156926646,40.502390168,341,{D992C3BC-975E-45FF-AD89-63E4A50F4FD2},2020/03/24 17:18:49,,412-264-5140,,Our Ladyâ€™s Pantry,,,,,1504 Woodcrest Avenue,,Coraopolis,PA,15108,active,everyone,everyone,,,,
-79.950035257,40.5042368470001,342,{3D1A1BB1-534E-46B3-ABBE-C9911B3C0CC5},2020/03/24 17:18:41,,412-781-0530,,All Saints Church,,,,,20 Wilson Street,,Etna,PA,15223,active,everyone,everyone,,,,
-79.7453130229999,40.603310682,344,{C8AFE4B2-5E1C-407C-8FAC-443962409717},2020/03/24 17:18:34,,724-224-5715,,Dayspring Christian Center,,,,,700 Second Avenue,,Tarentum,PA,15084,active,everyone,everyone,,,,
-79.903721994,40.376452971,347,{7447D028-80EE-4D8D-8220-EF9B9D0F0197},2020/03/24 17:18:19,,412-462-9030,,Homestead Park United Methodist Church,,,,,4231 Shady Avenue,,Munhall,PA,15120,active,everyone,everyone,,,,
-79.8426109819999,40.351282156,348,{C7453A54-B5F1-4EBE-9E98-0E910D9C3751},2020/03/24 17:18:16,,412-673-8983,,Isbir Manor Food Pantry,,,,,17 Isbir Manor,,McKeesport,PA,15132,active,everyone,everyone,,,,
-79.8351326219999,40.403290704,351,{07E2B9BB-944A-40CA-8A3A-986683442F7A},2020/03/24 17:18:06,,412-824-1914,,Prospect Community Food Pantry,,,,,24 Prospect Drive,,East Pittsburgh,PA,15112,active,everyone,everyone,,,,
-79.7703353329999,40.5937047730001,353,{A6D42F5D-9156-45BA-8F32-6253EB05ECAC},2020/03/24 17:18:00,,412-798-5459,,Vermont Baptist Church Food Pantry,,,,,1419 Freeport Road,,Creighton,PA,15030,active,everyone,everyone,,,,
-80.008447818,40.4553439800001,1361,{2F9FF721-699F-49BD-89DB-F6BFE25B5724},2020/03/25 17:22:01,Bob Maravalli,4122314900,bobmaravalli@gmail.com,United Methodist Church Union - Daily Bread,https://churchunion.org/,(none) Side entrance - food is takeout only at this time,"Tuesday, 11am-1pm
Thursday, 11am - 1pm
Sunday, 3pm - 5pm","At this time, we have take-out meal service only - one meal/person.",114 W. North Ave,,Pittsburgh,PA,15212,active,This site is open to everyone.,"everyone,students,senior_citizens",No,,no,
-79.6085155769999,40.404996639,1390,{6588767C-786D-40E8-BED7-99A6C518D51A},2020/03/27 17:23:31,,724-733-0070,,Cornerstone Ministries,,,beginning 4/7,,2200 Cornerstone Lane,,,PA,15632,active,all children,students,,,,Outside AC School District
-79.63826,40.32861,1392,{67006F2F-49DE-4DCF-B7FC-72D21B64E895},2020/03/27 17:23:32,,724-327-0061,,Loaves & Fishes Food Pantry,,,,,4600 Old Wm Penn,,,PA,15668,active,all children,students,,,,Outside AC School District
-79.63826,40.32861,1395,{0D764FD7-64AC-428B-8C97-4D53EDA0A757},2020/03/27 17:23:33,,724-387-2111,,Murrysville Pizza,,,,,3920 Wm Penn,,,PA,15668,active,all children,students,,,,Outside AC School District
-79.760194822,40.3424243170001,1420,{60A0972A-56E2-427F-A746-3B7769A6B28D},2020/03/27 18:09:55,,,,"Inferno Pizza, Pasta & Wings Restaurant",,,11-2:00,https://www.facebook.com/pg/infernopizzanorthhuntingdonpa/posts/?ref=page_internal,13380 Route 30,,,PA,15642,active,all children,students,,,,Outside AC School District
-79.6698274249999,40.313309243,1421,{483F64B7-06E8-4233-AD1E-CFF6327B6E0C},2020/03/27 17:23:43,,,,Irwin Dairy Queen,,,11:30-2:30,https://www.facebook.com/IrwinDairyQueen/photos/a.2060478714169269/2486913361525800/?type=3,7578 Route 30,,,PA,15642,active,all children,students,,,,Outside AC School District
-79.9005121069999,39.7413591970001,1431,{CDD5EFFD-ABB7-4285-9EBC-46CE89DAFC59},2020/03/27 17:23:46,,724-564-7190 x 8122 by 9:30 daily,,Pt. Marion Vol. Fire Dept,,,11-12:30,,1 Cheat St,,,PA,15474,closed,SCHOOL DISTRICT: Albert Gallatin: all school age children,closed,,,,Outside AC School District
-79.582107236,40.396319889,1457,{9F47584D-800D-4099-BCA8-FE868E6D22DA},2020/03/27 17:23:58,,,,Food Bank,westmorelandfoodbank.org,,,,100 Devonshire Drive,,Delmont,PA,15626,active,Westmoreland residents ,"everyone,students,senior_citizens",,,,Outside AC School District
-79.876528563,39.9619251190001,1461,{D486A827-B98C-4AF0-80CA-B1BB3031F672},2020/03/26 17:54:05,, 724-437-6050,,Fayette Food Bank,www.fccaa.org,(none),Call for distribution times ,Call for distribution times,40 Legion St,,Republic ,PA,15475,active,Everyone,everyone,No,,no,
-79.8665470299999,40.350527463,1463,{082F49D4-79E4-4B5A-80C1-41DCB8EB67C5},2020/03/26 18:55:58,Ralph D. ,412-805-9498,,Judah Ministries,,"The church sits on Market Street, but there is also a Sixth Street side of the church.  They normally work off the Sixth Street side. ","On FRIDAYS ONLY, they are making bag lunches available for pick up starting at 4:00 pm.",Food distributions on FRIDAYS only. ,525 Market Street,,McKeesport,PA,15132,active,Anyone that needs it. No restrictions. ,"everyone,students,senior_citizens",No,,no,Other
-79.841104007,40.394471858,1464,{043D84D8-6812-4DDC-8C8C-2601183C1C39},2020/03/26 19:03:56,,,,East Pittsburgh Community Center,,"Students may receive GRAB and GO Breakfast and Lunch Monday through Friday from 11:00 AM to 1:00 PM
","Monday-Friday, 11:00 AM -1:00 PM ",Will provide weekend meals,506 Bessemer Avenue,,East Pittsburgh,PA,15112,active,Any Child,students,No,,no,
-79.7650146829999,40.567043058,1465,{C43EF0D9-C69C-4F52-8A81-54E2A86C0FE1},2020/03/27 00:45:38,Knead Community Cafe,878-847-7997,,Knead Community Cafe ,www.kneadcommunitycafe.org,They are providing free grab-and-go packaged meals on THURSDAYS as supplies last.  ,"They are providing free grab-and-go packaged meals on THURSDAYS as supplies last.  Pick up on Thursdays from 5:30 pm to 6:30 pm, as supplies last. ","Thursdays only. Grab-and-go packaged meals, as supplies last. ",1011 Barnes St. ,,New Kensington,PA,15068,closed,Open to the public for New Kengsington and surrounding areas. ,closed,No,,yes,Other
-79.9982505,40.443147,1466,{26A46B5D-3865-4314-882C-28D388E8ABF7},2020/03/26 19:32:16,Sofia Bermeo ,412-577-9395,s.bermeo@latinocommunitycenter.org,Latino Community Center,www.latinocommunitycenter.org,"There are two entrances to the building.  People need to use the entrance with the green awning, which is the entrance that does NOT have stairs. ","Right now the organization is working on the day and time of distribution.  (Once this is determined, they will call 412 Food Rescue with updated information.)

Families are welcome to call to arrange a pick up. ",,212 9th Street,,Pittsburgh ,PA,15222,active,Focused on distributing food to Latino families in Pittsburgh and Allegheny County.  ,none_of_the_above,Yes,"We need volunteers too sort food donations and pack them for families. If volunteers have reliable transportation, we need volunteers to take food to families that are not able to leave their homes. If people are interested in volunteering remotely, we have remote volunteering opportunities. Spanish speaking volunteers are encouraged.",no,Family Support Center
-80.231152763,40.17547797,1726,{D8216261-FEB2-45E3-877A-8C8D3BBC1446},2020/03/27 17:25:46,,,,Faith Christian School,,,11:15AM - 11:45AM,Provides Lunch ,524 E Beau Street,,Washinton,PA,15301,active,Washington SD,students,,,,Outside AC School District
-79.7680004,40.5767400220001,1752,{6EFE0793-9127-461D-8C64-88C7734EAEFC},2020/03/30 15:40:16,Becky/Trischa, (724) 472-6477 or  (724) 980-4547,,Lighthouse Ministries,na,call only,call for emegency distribution box,call for emergency distribution box -  (724) 472-6477 or  (724) 980-4547,1611 Fifth Ave,,Arnold,PA,15068,active,everyone,"everyone,students,senior_citizens",No,,no,Distribution
-80.0223075,40.515822,1753,{0E726FA2-A6C9-4BC3-8B3E-9867CC92E1E2},2020/03/27 20:03:09,Judy Zapf,412-230-0209,,Ridgewood Church Food Pantry,https://www.facebook.com/ridgewoodfoodpantry/,no,"Tuesdays 5:00 - 7:00 p.m.
Wednesdays 2:00 - 6:00 p.m.",(none),332 Center Avenue,,West View,PA,15229,active,All,"everyone,students,senior_citizens",No,,no,Other
-79.541890494,40.3041382580001,1755,{44D5D7E4-89B1-437C-8B34-360C4D91601E},2020/03/27 20:13:24,BELINDA,724-834-3335,,Salvation Army Greensburg,https://wpa.salvationarmy.org/WesternPennsylvania/greensburg,(none),"Mondays-Fridays, 11:30 a.m. - 12:00 P.M.",(none),131 East Otterman Street,,Greensburg,PA,15601,active,All,"everyone,students,senior_citizens",No,,no,Other
-79.90859925,40.3806375,1756,{75B71A66-976F-49AB-894B-F8F7234C005A},2020/03/30 11:37:37,Naomi Hale,412-242-3255,,Bethany Baptist Food Pantry,https://wpa.salvationarmy.org/WesternPennsylvania/greensburg,Use side door on Coral Street,Every third Saturday 12-2 p.m. -- next day is April 18th,(none),7745 Tioga Street,,Pittsburgh,PA,15208,active,All,"everyone,students,senior_citizens",No,,no,Other
-79.9236758119999,40.495037913,1757,{CA5F5C50-1EAE-417E-8CB2-9170E4FD8F2D},2020/03/30 14:36:33,Lisa Boden,412-418-6254,,Backpack for Hunger,backpackforhunger.org,none,"Mondays and Thursdays, 11:00 a.m. - 1:00 p.m.",(none),1650 Main Street,,Sharpsburg,PA,15238,active,All,"everyone,students,senior_citizens",No,,no,Other
-79.86002619,40.494317638,1758,{CCAFD389-5960-4D84-8D4E-AF7137680A86},2020/03/27 20:06:37,Lisa Boden,412-418-6254,,Backpack for Hunger,backpackforhunger.org,Blawnox Fire Department,"Mondays and Thursdays, 11:00 a.m. - 1:00 p.m.",(none),376 Freeport Road,,Blawnox,PA,15238,active,All,"everyone,students,senior_citizens",No,,no,Other
-79.967771328,40.425226944,1760,{43156CBE-7DB0-4E68-8C80-6C79A9B1679D},2020/03/27 21:28:16,Victoria,412-580-4219,,Hot Metal Bridge Faith Community,,(none),Tuesdays and Thursdays 5:30 - 6:30,We provide grab-and-go style hot meals,2700 Jane St,,PIttsburgh,PA,15203,active,All are welcome.,"everyone,students,senior_citizens",No,,no,Other
-79.939425743,40.4078772400001,1761,{26E0AD5A-606A-4F1C-8D33-463729799228},2020/03/30 04:00:52,Dcn. Tom Berna,412-414-3125,flcm5000@gmail.com,Fishes and Loaves Cooprative Ministries,https://fishes-and-loaves-hazelwood.org/,(none),Monday and Thursday 1:30 PM to 4:30 PM,Priority given to people living within 5 miles of the site who need access to food. On occasion we can deliver food to home-bound persons.,131 E. Elizabeth St.,,Pittsburgh,PA,15207,active,"We provide emergency food to people who are not able to get to the store. 
Priority is given to people who live in the greater Hazelwood area, but we do respond to other requests in case of dire emergency.
We also refer people to: https://www.pittsburghfoodbank.org/get-help/
",everyone,Yes,"We can use volunteers to pack food and/or deliver food.
Please call for more information.",no,
-80.004069,40.432455,1764,{94891929-7488-438A-81E7-733D4FE86F97},2020/03/27 20:11:31,Mindy Madura,"412-471-6270, ext. 3104",mmadura@pittsburghmercy.org,Pittsburgh Mercy Health System,https://pittsburghmercy.org,"Yes.  Pull in to the gatehouse (by Subway), use the brick walkway to the second set of doors.","Open 7:00am-3:00pm, Monday through Friday.",none,101 West Station Square Drive,,Pittsburgh,PA,15219,active,"Serve all adults with a mental health diagnosis, and be a part of Mercy.",none_of_the_above,No,,no,Other
-80.004069,40.432455,1765,{F8DF4D81-6E3B-4602-8BED-33E43A78D59A},2020/03/27 21:18:27,Mindy Madura,"412-471-6270, ext. 3104",mmadura@pittsburghmercy.org,Pittsburgh Mercy,https://www.pittsburghmercy.org,"Yes.  Pull in to the gatehouse (by Subway), use the brick walkway to the second set of doors.","Open 7:00am-3:00pm, Monday through Friday.",none,101 West Station Square Drive,,Pittsburgh,PA,15219,active,"Serve all adults with a mental health diagnosis (and have become a part of Mercy, through crisis center and other partners).",none_of_the_above,No,,no,Other
-79.935434616,40.495396902,1767,{D36AD875-26C6-4ACA-8871-22C985D6041B},2020/03/30 15:33:32,Jamie Horne,412-799-0701,jamieh@sfwc.org,Sharpsburg Family Worship Center,Www.sfwc.org,(none),Every Wednesday 5:30-6:30 while supplies last,"Fresh, hot dinner from local restaurants as well as bags of fresh food and bakery served. We have enough to feed 200 people",610 Clay Street,,Pittsburgh,PA,15215,active,Served outside glass doors,"everyone,students,senior_citizens",No,,no,
-79.8987580899999,40.310046368,1771,{D6CFEC37-0723-4E3F-8184-7D93196C7175},2020/03/30 15:37:52,Pastor Michael,(412) 233-4006,,Pine Run Church,,(none),LIMITED EMERGENCY FOOD NEEDS: Cans/shelf stable foods outside under shelter for pickup ,Canned goods/shelf stable items.,901 North 6th Street,,Clairton,PA,15025,active,Everyone: Emergency shelf stable food only (limited supplies),"everyone,students,senior_citizens",No,,no,Church
-80.1908989309999,40.540866964,1773,{D251728E-92ED-4818-879E-6DC8FD5B3053},2020/03/30 18:19:46,Miriam Rader,(412) 849-8187,,Sewickley Community Center Food Pantry,,(none),"2nd & 4th Weds 11:30 -1:00PM Drive-thru 
Emergencies by Appt ONLY",(none),15 Chadwick St,,Sewickley,PA,15143,active,Quaker Valley Zip Codes,none_of_the_above,No,,no,Other
-79.834894693,40.400891986,1777,{FDCC535C-46DD-414B-820F-6FC8BC8503EE},2020/03/31 19:44:50,Nathaniel Carter ,412-589-4532,thisgenerationconnect@gmail.com,This Generation Connect,www.thisgenerationconnect.com,"They have 2 food programs currently:  1) Distribution of food received from 412 Food Rescue, and 2) a hot meal program. 

1) The distribution of food will only be on Tuesdays for the next two weeks (March 31 and April 7). They plan to do food distribution the following week on Tuesday AND Thursday (April 14th and 16th). The food is for pick up.  They are only delivering to seniors. 

2) For a hot meal, you need to visit the website to register for a hot meal.  The specific times are on the website, which is between 5:00pm and 7:00pm. www.thisgenerationconnect.com
","They have 2 food programs currently:  1) Distribution of food received from 412 Food Rescue, and 2) a hot meal program. 

1) The distribution of food will only be on Tuesdays for the next two weeks (March 31 and April 7). They plan to do food distribution the following week on Tuesday AND Thursday (April 14th and 16th). The food is for pick up.  They are only delivering to seniors. 

2) For a hot meal, you need to visit the website to register for a hot meal.  The specific times are on the website, which is between 5:00pm and 7:00pm. www.thisgenerationconnect.com
",,827 Linden Avenue ,,East Pittsburgh ,PA,15112,active,Everyone. ,"everyone,students,senior_citizens",Yes,"Volunteers would help the bag the food, helping to make these care packages. Volunteers generally arrive on site around 3:30pm and leave by 7:00pm on the day of distribution. ",no,Other
-80.0703633809999,40.4582565320001,1783,{497A091E-8254-43D2-86D9-7E7C4C3AE3CE},2020/04/01 07:04:21,Brandy Pondexter 412-498-2827,412-498-2827,,White Lily Baptist Church ,,Curbside. Grab N Go right in front of entrance to the church,"Tuesday Breakfast/Brunch 9am until gone
Tuesday Dinner 6pm until gone
Thursday Breakfast/Brunch 9am until gone
Thursday Dinner 6pm until gone",(none),3621 Chartiers Ave,,Pittsburgh ,PA,15204,active,"All are welcome
",everyone,No,,no,
-80.3179877759999,40.753808361,1785,{1B4D55B6-7EF7-4818-8861-A9201D76C9DE},2020/04/01 15:20:16,Tanis,724-584-2966,,Table of Grace Feeding Ministry,https://www.facebook.com/Table-of-Grace-Feeding-Ministry-546025345561901/,On the corner of 13th St and 6th Ave.  A block down from the library,"Dinners Mon, Wed, Thurs, Fri from 4pm to 5pm
Lunch: Tuesday 11am to 1pm
Breakfast Saturdays 9am-11am",We provide to-go style hot meals,1227 6th Ave,Central Methodist Church,Beaver Falls,PA,15010,active,All are welcome.,"everyone,students,senior_citizens",Yes,Volunteers to assist kitchen leaders with meal preparation and packaging and serving the meals.,no,Church
-79.9467106229999,40.446883287,1790,{3B0FC87F-8DD0-41CC-8879-9D3DFCBA48B2},2020/04/01 16:17:37,Zachary Miller,412-268-8704,zmiller@andrew.cmu.edu,Carnegie Mellon University Pantry,https://www.cmu.edu/student-affairs/resources/cmu-pantry/index.html,Call the phone number listed on the Pantry sign in the front door of the Residence on Fifth to gain access to the building.,"Monday | 3:00 pm - 5:00 pm
Tuesday | 1:00 pm - 3:00 pm
Wednesday | 3:00 pm - 5:00 pm
Thursday | 1:00 pm - 3:00 pm
Friday | 3:00 pm - 5:00 pm
Saturday | Closed
Sunday | Closed","All orders from the CMU Pantry include a standardized package of staple foods, including fresh produce, protein, canned fruits/vegetables, quick meals, soups, pasta/rice, potatoes, cereal, snacks, and miscellaneous items if available. All orders also include a cleaning/hygiene item. Additionally, shoppers are able to choose from a limited number of other items in the Pantry to customize their orders. Shoppers can fill out the online order form by visiting the CMU Pantry website.",4700 Fifth Ave,,Pittsburgh,PA,15213,active,"The Carnegie Mellon University Pantry is a need-blind resource that is open only to current CMU students. All current students, including both undergraduate and graduate students, are welcome to visit our Pantry and take food once per week.",students,No,,no,Pantry
-79.933111622,40.406742513,1792,{E2B37324-E135-4775-89D2-6F1B3C16CD13},2020/04/01 15:48:20,,412-422-6554,,Citiparks Senior Center - Glen Hazel,https://pittsburghpa.gov/citiparks/senior-centers,(none),"Monday, Wednesday & Friday
11 a.m. to 1 p.m.
",*Seniors who are not registered for the program but are in need of food or other resources should contact the Allegheny County Area on Aging’s SeniorLine     (1-800-344-4319).,945 Roselle Ct,,Glen Hazel,PA,15207,active,seniors - you must be registered,senior_citizens,No,,no,
-79.942572,40.403664,1793,{E56369AE-FBE0-4B59-8FB6-E6D419C99346},2020/04/01 15:48:18,,412-422-6549,,Citiparks Senior Center - Hazelwood,https://pittsburghpa.gov/citiparks/senior-centers,(none),"Monday, Wednesday & Friday
11 a.m. to 1 p.m.
",*Seniors who are not registered for the program but are in need of food or other resources should contact the Allegheny County Area on Aging’s SeniorLine     (1-800-344-4319).,5344 Second Ave,,Pittsburgh,PA,15207,active,seniors - must be registered,senior_citizens,No,,no,
-79.8929522829999,40.456892784,1794,{7F9C1EB2-6D00-40C7-854A-FE7260D4C153},2020/04/01 15:48:16,,412-244-4190,,Citiparks Senior Center - Homewood,https://pittsburghpa.gov/citiparks/senior-centers,(none),"Monday, Wednesday & Friday
11 a.m. to 1 p.m.",*Seniors who are not registered for the program but are in need of food or other resources should contact the Allegheny County Area on Aging’s SeniorLine     (1-800-344-4319).,7321 Frankstown Ave,,Pittsburgh,PA,15208,active,seniors - must be registered,senior_citizens,No,,no,
-79.958072606,40.473109003,1795,{EDF06829-0960-4F45-8098-EB77C24C018B},2020/04/01 15:48:14,,412-622-6918,,Citiparks Senior Center - Lawrenceville,https://pittsburghpa.gov/citiparks/senior-centers,(none),"Monday, Wednesday & Friday
11 a.m. to 1 p.m.
",*Seniors who are not registered for the program but are in need of food or other resources should contact the Allegheny County Area on Aging’s SeniorLine     (1-800-344-4319).,4600 Butler St.  ,,Pittsburgh,PA,15201,active,seniors - must be registered,senior_citizens,No,,no,
-80.056556552,40.4552018260001,1796,{03A7D6BC-4DC2-44C1-8A9E-6672FEAC1BCD},2020/04/01 15:48:12,,412-777-5012,,Citiparks Senior Center - Sheraden,https://pittsburghpa.gov/citiparks/senior-centers,(none),"Monday, Wednesday & Friday
11 a.m. to 1 p.m.
",*Seniors who are not registered for the program but are in need of food or other resources should contact the Allegheny County Area on Aging’s SeniorLine     (1-800-344-4319).,720 Sherwood Ave.  ,,Pittsburgh,PA,15204,active,seniors - must be registered,senior_citizens,No,,no,
-79.986274123,40.4293957890001,1797,{F6B47763-72B6-4AA7-8B69-610A5AB17A70},2020/04/01 15:48:06,,412-488-8404,,Citiparks Senior Center - South Side,https://pittsburghpa.gov/citiparks/senior-centers,(none),"Monday, Wednesday & Friday
11 a.m. to 1 p.m.
",*Seniors who are not registered for the program but are in need of food or other resources should contact the Allegheny County Area on Aging’s SeniorLine     (1-800-344-4319).,12th & 1 Bedford Sq.  ,,Pittsburgh,PA,15203,active,seniors - must be registered,senior_citizens,No,,no,
-80.232134704,40.595918704,1798,{46745CF3-1D38-401C-8F03-688CEE1AF56B},2020/04/01 16:28:00,,,,The Ladle and Hearth,,"Do not enter the church, wait outside remaining 6 feet or more apart.  Meals will be brought out to-go",Mondays 5:30 PM to 6:30 PM,"Food will provided in to-go containers, due to the increased need, food can only be served until supplies run out.",1320 Church St,,Ambridge,PA,15003,active,"All are welcome, anyone may receive, until food supplies are exhausted.","everyone,students,senior_citizens",No,,no,Pantry
-79.888277799,40.4203100120001,1799,{954A2F63-DD34-4D5D-89BF-3303266EA465},2020/04/02 14:41:09,Saloam Knox,866-59-SPACE,info@mybusinessspace.org,My Business Space,Credit Power LLC,(none)This is a grab and go,"Donation Times are 4/1/20-4/3/20am, 9:30-6:00pm
4/6/20, 9:30-6:00pm
4/8/20-4/9/20. 9:30am-6:00pm

Distribution of food 4/10/20, 12pm-2:00pm",the distribution of food are meals ready to cook,7424 Washington Avenue,,Swissvale,PA,15218,closed,This distribution is for the community in need.,closed,Yes,We need volunteers to pass out the bags of food and non perishable items.,yes,
-80.2242738469999,40.587299665,1803,{BBDC5517-413E-4A32-8D27-E368CF7D0AFB},2020/04/01 19:53:08,Elizabeth Giles,412-403-1186,,New Hope Community Church,http://www.4newhope.org,"Distribution is outdoors, on sidewalk, unless weather prohibits. Then they'll be inside.",When food is available. Check Facebook for updates.,(none),592 Beaver Rd,,Ambridge,PA,15003,active,All are welcome,"everyone,students,senior_citizens",No,,no,
-80.061573617,40.465384,1808,{9E0C16E7-CF7A-412B-8ACE-007E3E52F94A},2020/04/02 19:19:12,,412-331-1685 x232,aroberts@forstorox.org,Positive Parenting / Focus on Renewal ,,Family Support Center,"This location has access to diapers, wipes, and formula but centers are closed and supplies are limited, so please call ahead
","This location has access to diapers, wipes, and formula but centers are closed and supplies are limited, so please call ahead
",701 Chartiers Avenue,,McKees Rock,PA,15136,active,focused on families with infants or toddlers,family_support,No,,no,Family Support Center
-79.880568491,40.4437162080001,1809,{D24BE6C1-F86A-476B-84C5-A251852077EA},2020/04/02 19:10:00,,412-871-7948,,Wilkinsburg Family Support Center ,,Family Support Center,"This location has access to diapers, wipes, and formula but centers are closed and supplies are limited, so please call ahead
","This location has access to diapers, wipes, and formula but centers are closed and supplies are limited, so please call ahead
",807 Wallace Street,,Pittsburgh,PA,15221,active,focus on families with infants or toddlers,family_support,No,,no,Family Support Center
-79.843896265,40.3713684050001,1810,{7DFEFF6C-A5F5-44A1-8D8F-46F5A40E90BE},2020/04/02 19:09:59,,412-469-9870 x211,drobinson@ulpgh.org,Duquesne Family Support Center,,Family Support Center,"This location has access to diapers, wipes, and formula but centers are closed and supplies are limited, so please call ahead
","This location has access to diapers, wipes, and formula but centers are closed and supplies are limited, so please call ahead
",1 Library Place,,Duquesne,PA,15110,active,focus on families with infants or toddlers,family_support,No,,no,Family Support Center
-79.883725197,40.288967244,1811,{1780C36E-ED0F-4771-8BB5-D1196AF423CC},2020/04/02 19:09:57,,412-552-0672 or 412-552-9373,,Clairton Family Support Center,,Family Support Center,"This location has access to diapers, wipes, and formula but centers are closed and supplies are limited, so please call ahead
","This location has access to diapers, wipes, and formula but centers are closed and supplies are limited, so please call ahead
",734 Miller Avenue,,Clairton,PA,15025,active,focus on families with infants or toddlers,family_support,No,,no,Family Support Center
-79.8100243109999,40.39254307,1812,{C1E03CD9-D330-46D4-8643-996D4BD89454},2020/04/02 19:09:56,,412-773-2532,eastalleghenyfc@aiu3.net,East Allegheny Family Center,,Family Support Center,"This location has access to diapers, wipes, and formula but centers are closed and supplies are limited, so please call ahead
","This location has access to diapers, wipes, and formula but centers are closed and supplies are limited, so please call ahead
",200 Westinghouse Avenue,,Wilmerding,PA,15148,active,focus on families with infants or toddlers,family_support,No,,no,Family Support Center
-79.7513299989999,40.6026051860001,1813,{9DB38DEE-14DB-48F7-8D64-1C9FFC77BBC9},2020/04/02 19:09:55,,724-224-9006 or 412-586-8129,highlandsfc@aiu3.net,HIghlands Family Center,,Family Support Center,"This location has access to diapers, wipes, and formula but centers are closed and supplies are limited, so please call ahead
","This location has access to diapers, wipes, and formula but centers are closed and supplies are limited, so please call ahead
",415 Fourth Avenue,,Tarentum,PA,15084,active,focus on families with infants or toddlers,family_support,No,,no,Family Support Center
-79.9413757,40.401409523,1814,{29488807-49B6-466B-8F74-15271EA63639},2020/04/02 19:09:53,,412-325-8111,martha.sherlock@aiu3.net,Latino Family Center,,Family Support Center,"This location has access to diapers, wipes, and formula but centers are closed and supplies are limited, so please call ahead
","This location has access to diapers, wipes, and formula but centers are closed and supplies are limited, so please call ahead
",5450 Second Avenue,,Pittsburgh,PA,15207,active,focus on families with infants or toddlers,family_support,No,,no,Family Support Center
-79.8857367859999,40.4675849870001,1815,{78A79D18-AE06-490C-870B-EF57828618D8},2020/04/02 19:09:52,,412-394-5962,Nikisha.cunningham@aiu3.net,Lincoln Park Family Center,,Family Support Center,"This location has access to diapers, wipes, and formula but centers are closed and supplies are limited, so please call ahead
","This location has access to diapers, wipes, and formula but centers are closed and supplies are limited, so please call ahead
",7300 Ridgeview Avenue,,Pittsburgh,PA,15235,active,focused on families with infants or toddlers,family_support,No,,no,Family Support Center
-79.8752526219999,40.3495320970001,1816,{B50E8C86-95EB-42E7-84AE-12ECA53F2D33},2020/04/02 19:09:51,,412-715-6290,mckeesportfc@aiu3.net,McKeesport Family Center ,,Family Support Center,"This location has access to diapers, wipes, and formula but centers are closed and supplies are limited, so please call ahead
","This location has access to diapers, wipes, and formula but centers are closed and supplies are limited, so please call ahead
",339 5Th Avenue,,McKeesport,PA,15132,active,focus on families with infants and toddlers,family_support,No,,no,Family Support Center
-79.908804561,40.407815822,1817,{BEA53450-BB22-4583-844C-DA6769B2B130},2020/04/02 19:09:49,,412-337-8755,steelvalleyfc@aiu3.net,Steel Valley Family Center,,Family Support Center,"This location has access to diapers, wipes, and formula but centers are closed and supplies are limited, so please call ahead
","This location has access to diapers, wipes, and formula but centers are closed and supplies are limited, so please call ahead
",304 East 8th Avenue,,Homestead,PA,15120,active,focus on families with infants and toddlers,family_support,No,,no,Family Support Center
-80.073399954,40.471711068,1818,{10790795-6C38-4828-8D25-2101CC19D53B},2020/04/02 19:09:48,,412-771-7166,storoxfc@aiu3.net,Sto-Rox Family Center,,Family Support Center,"This location has access to diapers, wipes, and formula but centers are closed and supplies are limited, so please call ahead
","This location has access to diapers, wipes, and formula but centers are closed and supplies are limited, so please call ahead
",618 Russellwood Avenue,,McKees Rock,PA,15136,active,focused on families with infants or toddlers,family_support,No,,no,Family Support Center
-79.864641,40.400703,1819,{D97BB81D-2E78-4706-87E0-CD62C72309D3},2020/04/02 19:09:47,,412-273-4610,mary.napier@chp.edu,Braddock Family Care Connection,,Family Support Center,"This location has access to diapers, wipes, and formula but centers are closed and supplies are limited, so please call ahead
","This location has access to diapers, wipes, and formula but centers are closed and supplies are limited, so please call ahead
",849 Braddock Avenue,,Braddock,PA,15104,active,focused on families with infants and toddlers,family_support,No,,no,Family Support Center
-79.987419556,40.4173688870001,1820,{868A04F5-8AE1-4969-8FC7-683E3FC4BEC9},2020/04/02 19:09:45,,724-882-0439,kelly.cavanaugh@chp.edu,Hilltop Family Care Connection,,Family Support Center,"This location has access to diapers, wipes, and formula but centers are closed and supplies are limited, so please call ahead
",(none),1630 Arlington Avenue ,,Pittsburgh,PA,15210,active,"focus on families with infants and toddlers
",family_support,No,,no,Family Support Center
-79.9539662349999,40.481195773,1821,{E249E831-DF61-46CE-846D-0D23AD4E02EA},2020/04/02 19:09:44,,412-496-2783,,Lawrenceville Family Care Connection,,Family Support Center,"This location has access to diapers, wipes, and formula but centers are closed and supplies are limited, so please call ahead
","This location has access to diapers, wipes, and formula but centers are closed and supplies are limited, so please call ahead
",5235 Butler Street,,Pittsburgh,PA,15201,active,focused on families with infants and toddlers,family_support,No,,no,Family Support Center
-79.8285486,40.4642533210001,1822,{170423EB-1003-4676-8581-9CBB0F354E78},2020/04/02 19:09:43,,412-894-9230,kivuvai@upmc.edu,Penn Hills Family Care Connection,,Family Support Center,"This location has access to diapers, wipes, and formula but centers are closed and supplies are limited, so please call ahead
","This location has access to diapers, wipes, and formula but centers are closed and supplies are limited, so please call ahead
",10 Duff Road,,Penn Hills,PA,15235,active,focused on families with infants and toddlers,family_support,No,,no,Family Support Center
-79.880078861,40.412190622,1823,{FE089296-E39C-4EBE-8EF6-8EC90B9E3000},2020/04/02 19:09:41,,412-273-4610,mary.napier@chp.edu,Rankin Family Care Connection,,Rankin Christian Center,"This location has access to diapers, wipes, and formula but centers are closed and supplies are limited, so please call ahead
","This location has access to diapers, wipes, and formula but centers are closed and supplies are limited, so please call ahead
",230 Third Street,,Braddock,PA,15104,active,focus on families with infants and toddlers,family_support,No,,no,Family Support Center
-79.833000966,40.406216666,1824,{6C1758B7-D57F-43B0-8F33-E73EDFDF5591},2020/04/02 19:09:38,,412-829-8982,marylouise.fuga@chp.edu,Turtle Creek Family Care Connection ,,Penn Plaza Shopping Center,"This location has access to diapers, wipes, and formula but centers are closed and supplies are limited, so please call ahead
","This location has access to diapers, wipes, and formula but centers are closed and supplies are limited, so please call ahead
",208 Penn Ave,Penn Plaza Shopping Center,Turtle Creek,PA,15145,active,focus on families with infants and toddlers,family_support,No,,no,Family Support Center
-79.94390112,40.4082413290001,1825,{352E970C-F081-450F-82DE-90A9F6B50D72},2020/04/02 19:09:36,,412-298-4006,dgill@cotraic.org,Greater Hazelwood Family Center,,Family Support Center,"This location has access to diapers, wipes, and formula but centers are closed and supplies are limited, so please call ahead
","This location has access to diapers, wipes, and formula but centers are closed and supplies are limited, so please call ahead
",5006 Second Avenue,,Pittsburgh,PA,15207,active,focus on families with infants and toddlers,family_support,No,,no,Family Support Center
-80.029496981,40.473828371,1826,{90E28643-4AF0-4512-8CDA-490B44A63E14},2020/04/02 19:09:34,,412-766-3860 x320,ibrooks@providenceconnections.org,Providence Family Support Center ,,Family Support Center,"This location has access to diapers, wipes, and formula but centers are closed and supplies are limited, so please call ahead","This location has access to diapers, wipes, and formula but centers are closed and supplies are limited, so please call ahead
",3113 Brighton Road,,Pittsburgh,PA,15212,active,focus on families with infants and toddlers,family_support,No,,no,Family Support Center
-80.003392087,40.4532962370001,1827,{12A1A365-09F8-4382-89DA-3E8501B7F0A3},2020/04/08 13:24:29,Tracy Grondziowski,,,Allegheny Center Alliance Church,,Food will be distributed in the parking area between the Union Place Building and the Main Sanctuary.,Between the hours of 11:30 am and 1:30 pm,Providing to-go meals starting April 6th,250 East Ohio Street,,Pittsburgh,PA,15212,active,only kids/youth 18 & younger,students,Yes,"There are volunteer opportunities. For more information, contact tracy.grondziowski@acac.net.",no,
-79.891022161,40.334655739,1861,{27F13691-677F-4EEE-8926-63D3133D01BA},2020/04/07 19:39:14,,724-258-2200,,Ringgold SD,,back parking lot of Subway,11:30-1:00,Grab n' Go ,48 Monongahela Ave,,Glassport,PA,15045,active,children,students,No,,no,
-80.361581697,40.1410570050001,1862,{F67BC5B1-3815-4C3F-8377-BD3AADEBFB8D},2020/04/07 19:28:42,,724-948-3731,,McGuffey SD,,Families should use the bus lane,11:30-1:00 M & TH,Grab & Go,48 McGuffey Dr,,Claysville,PA,15323,active,children,students,No,,no,
-79.644018807,40.3601691,1863,{99A14D5D-1FF2-484A-89D3-437F2902961E},2020/04/14 20:46:27,,724-744-0302,,Penn-Trafford SD Middle School,https://echalk-slate-prod.s3.amazonaws.com/private/schools/1052/site/fileLinks/f48158ec-4dd6-4dae-bf41-c0f5de383db6?AWSAccessKeyId=AKIAJSZKIBPXGFLSZTYQ&Expires=1902257116&response-cache-control=private%2C%20max-age%3D31536000&response-content-disposition=,cafeteria lower level,11:00-1:00 M & W,(none),1007 Penn Middle Way,,Jeannette,PA,15644,active,children,students,No,,no,
-79.831555523,40.114914593,1889,{C32813EE-6823-42C8-8D29-386C9DDBC8D1},2020/04/09 16:16:58,,,,Belle Vernon SD Marion Elementary,https://docs.google.com/forms/d/e/1FAIpQLSdM-P5bbUGEy8GlDuTMXo7SADzwj78F88mSfkZ5831iXpoHoA/viewform,(none),11-12:00 M-F,(none),500 Perry Ave,,Belle Vernon,PA,15012,active,children,students,No,,no,
-79.81448,40.17864,1890,{D557CBCD-C415-45D1-83A5-9F05B382E7C8},2020/04/09 16:14:53,,,,Belle Vernon SD Rostraver Elementary,https://docs.google.com/forms/d/e/1FAIpQLSdM-P5bbUGEy8GlDuTMXo7SADzwj78F88mSfkZ5831iXpoHoA/viewform,(none),11-12:00,(none),300 Crest Ave,,Rostraver Township,PA,15012,active,children,students,No,,no,
-79.82388,40.117464,1891,{11D81E62-8F77-4FE4-849D-9394E989B864},2020/04/09 16:17:36,,,,Belle Vernon SD - Marion Villa,https://docs.google.com/forms/d/e/1FAIpQLSdM-P5bbUGEy8GlDuTMXo7SADzwj78F88mSfkZ5831iXpoHoA/viewform,in the circle,11-12:00 M-F,(none),Marion Villa,,Belle Vernon,PA,15012,active,children,students,No,,no,
-79.864254,40.1545125,1892,{A4BBF4CA-B1A4-40C5-8169-5D0818960A70},2020/04/09 16:15:42,,,,Belle Vernon SD - Rostraver Apartments,https://docs.google.com/forms/d/e/1FAIpQLSdM-P5bbUGEy8GlDuTMXo7SADzwj78F88mSfkZ5831iXpoHoA/viewform,both stops,11-12:00 M-F,(none),Rostraver Apartments - both stops,,Belle Vernon,PA,15012,active,children,students,No,,no,
-79.798058102,40.167069881,1893,{BD2765B2-5DDF-4EAD-8566-85EBCEF58B0C},2020/04/09 16:13:40,,,,Belle Vernon SD - Port Royal Village,https://docs.google.com/forms/d/e/1FAIpQLSdM-P5bbUGEy8GlDuTMXo7SADzwj78F88mSfkZ5831iXpoHoA/viewform,both stops,11-12:00 M-F,(none),Port Royal Village Apartments,,Belle Vernon,PA,15012,active,children ,students,No,,no,
-79.7197831129999,39.896293255,1894,{E27085AB-E4C4-4480-83C7-812A5F921C51},2020/04/14 20:15:38,,724-439-5000,,Uniontown Area SD High School,http://uasdraiders.org/cafeteria/,must call in by 9:30 daily,11-1:00 M-F,(none),146 E. Fayette St,,Uniontown,PA,15401,active,children,students,No,,no,
-79.8340946449999,40.381325147,1897,{D8D42967-345E-4AB0-811A-481F352AC68C},2020/04/09 19:54:10,Dr. Janis C. Brooks,"Please call  412-829-2711 on Thursday for prepared meals for Monday, and call 412- 829-2711 on Tuesday for Thursday's prepared meals.",,Sankofa Children's Village,https://www.cadaprograms.org/,(none),"Mondays and Thursdays: must call ahead; please see instructions below. ","Dinners are provided on Mondays and Thursdays. Monday's meals are for Monday, Tuesday and Wednesday. Please call  412-829-2711 on Thursday for prepared meals for Monday, and call 412- 829-2711 on Tuesday for Thursday's prepared meals. These meals are ""Pick Up and Go.""",2901 Maryland Ave,,Pittsburgh,PA,15137,active,Children,students,No,,no,
-79.943740374,40.4651741060001,1899,{FFCB55D4-5EFE-4A69-8330-964443C5653C},2020/04/16 19:46:00,Elina Malkin,2154959227,Malkin.elina@gmail.com,Pittsburgh Restaurant Workers Aid Food Distribution Center,https://www.facebook.com/pghrestaurantworkersaid/,Please enter from the front at 5006 Penn Ave. A volunteer will greet you at the door.,Tuesday-Sunday 1-5pm. Please visit our Facebook page for more info on special distribution events or to request a delivery to your home.,<div>For restaurant and hospitality workers.</div>Please visit https://www.facebook.com/pghrestaurantworkersaid/ for up to date info.,5006 Penn Ave.,,Pittsburgh,Pennsylvania,15224,active,"Our Food Distribution Center serves restaurant and hospitality employees who have lost work due to Covid-19. We provide groceries, baby care items, pet food, and household products to our community. Please visit us at https://www.facebook.com/pghrestaurantworkersaid/ for more information and to let us know how we can help you during this difficult time.",none_of_the_above,No,,no,
-79.9843350529999,40.4367954090001,1906,{2D88B7E2-AD7B-41D0-8C0B-44595F3C84BC},2020/04/17 20:19:10,,(412) 232-7200,,A Child's Place,https://www.achildsplacepa.org/,Location is closed to the public. Call ahead for availability.,Supplies are limited. Call ahead for availability.,"This location has access to diapers, wipes, and formula.",1515 Locust Street,Suite 302,Pittsburgh,PA,15219,active,Focused on families with infants or toddlers,family_support,No,,no,Family Support
-79.87821187,40.4566300180001,1907,{92FD93FF-2772-4541-836E-D70DFE74EDD4},2020/04/17 20:36:43,,(412) 491-7723,,"A Second Chance, Inc.",https://www.asecondchance-kinship.com/,Location is closed to the public. Call ahead for availability.,Supplies are limited. Call ahead for availability.,"This location has access to diapers, wipes, and formula.",8350 Frankstown Road,,Pittsburgh,PA,15221,active,Focused on families with infants or toddlers.,family_support,No,,no,Family Support Center
-79.852245259,40.4606120820001,1908,{79A13226-77E0-4A91-891D-E9AE2DB74106},2020/04/17 20:36:06,,(412) 923-8092,,AIMED Human Services,https://www.aimedpgh.org/,Location is closed to the public. Call ahead for availability.,Supplies are limited. Call ahead for availability.,"This location has access to diapers, wipes, and formula.",232 Curtis Street,,Pittsburgh,PA,15235,active,Focused on families with infants or toddlers.,family_support,No,,no,Family Support Center
-79.9817610059999,40.442863797,1909,{6DCA1725-FAE9-4472-8B12-D398D58BFCE8},2020/04/17 20:37:54,,(412) 583-7608,,Primary Care Health Services,https://pchspitt.org/,Location is closed to the public. Call ahead for availability.,Supplies are limited. Call ahead for availability.,"This location has access to diapers, wipes, and formula.",1835 Centre Avenue,Suite 190,Pittsburgh,PA,15219,active,Focused on families with infants and toddlers.,family_support,No,,no,Family Support Center
-80.019936,40.448268,1910,{BE821709-EA6F-45F4-828E-788CA03198B1},2020/04/17 20:37:22,,(412) 773-0432,,Pittsburgh Mercy,https://www.pittsburghmercy.org/,Location is closed to the public. Call ahead for availability.,Supplies are limited. Call ahead for availability.,"This location has access to diapers, wipes, and formulas.",1200 Reedsdale Street,,Pittsburgh,PA,15233,active,Organization serves adults and children with mental health needs. Focused on families with infants or toddlers.,family_support,No,,no,Family Support Center
-80.0694699649999,40.5018339110001,1911,{72996394-3601-4A4E-866E-9405A5374DAA},2020/04/20 18:19:30,,(412) 766-5212 x101,,Genesis of Pittsburgh,https://www.genesispgh.org/,Location is closed to the public. Call ahead for availability.,Supplies are limited. Call ahead for availability.,"This location has access to diapers, wipes and formula.",550 California Avenue,,Pittsburgh,PA,15202,active,Focused on families with infants and toddlers.,family_support,No,,no,Family Support Center
-79.892610507,40.447152902,1912,{74FCFE9C-DE33-4F18-8474-337D0AA75781},2020/04/20 18:15:08,,(412) 812-1743,,Wesley Family Services,https://wfspa.org/,Location is closed to the public. Call ahead for availability.,Supplies are limited. Call ahead for availability.,"This location has access to diapers, wipes and formula.",221 Penn Avenue,,Wilkinsburg,PA,15221,active,Serves foster families. Focused on families with infants and toddlers.,family_support,No,,no,Family Support Center
-79.942128348,40.411999193,1913,{433AA692-6357-4EC5-861E-A54C8F3AA2D4},2020/04/20 18:16:54,,(814) 673-6390,,Center of Life,https://www.centeroflife.net/,Location is closed to the public. Call ahead for availability.,Supplies are limited. Call ahead for availability.,"This location has access to diapers, wipes and formula.",161 Hazelwood Avenue,,Pittsburgh,PA,15207,active,Focused on families with infants or toddlers.,family_support,No,,no,Family Support Center
-79.970391,40.345128,1914,{3C54B38F-D535-49AD-8CA5-B32BD53EC8F9},2020/04/20 18:17:42,,(412) 371-3689,,Clover Leaf Ecumenical Assistance Program,,Location is closed to the public. Call ahead for availability.,Supplies are limited. Call ahead for availability.,"This location has access to diapers, wipes, and formula.",1 Grove Place,,Pittsburgh,PA,15236,active,Focused on families with infants or toddlers.,family_support,No,,no,Family Support Center
-79.711434797,39.8980916420001,1915,{06707FC3-1A12-4DF4-8A73-28CC7D747E3A},2020/04/20 18:20:26,,(724) 437 1660,,East End United Community Center,https://www.eeucc.org/,Location is closed to the public. Call ahead for availability.,Supplies are limited. Call ahead for availability.,"This location has access to diapers, wipes and formula.",150 Coolspring Street,,Uniontown,PA,15401,active,Focused on families with infants or toddlers.,family_support,No,,no,Family Support Center
-79.8981255,40.455504,1916,{B036CF68-AA11-4035-8740-541A1843954A},2020/04/20 18:17:17,,(412) 371-3689,,Community Empowerment Association,http://ceapittsburgh.org/,Location is closed to the public. Call ahead for availability.,Supplies are limited. Call ahead for availability.,"This location has access to diapers, wipes and formula.",7120 Kelly Street,,Pittsburgh,PA,15208,active,Focused on families with infants or toddlers.,family_support,No,,no,Family Support Center
-79.818443921,40.412636896,1917,{3A290198-C7FB-4706-8D6D-C761A9C87246},2020/04/20 18:49:19,,(412) 241-0811,,Growing in God Ministry,https://www.facebook.com/GrowingInGodInc/,Location is closed to the public. Call ahead for availability.,Supplies are limited. Call ahead for availability.,"This location has access to diapers, wipes and formulas.",601 James Street,,Turtle Creek ,PA,15145,active,Focused on families with infants and toddlers.,family_support,No,,no,Family Support Center
-79.897460876,40.4509207780001,1918,{463D5BBA-17C5-4E11-815E-1EC1AB656F1B},2020/04/20 18:51:22,,(412) 247-4009,,Healthy Start,https://healthystartpittsburgh.org/,Location is closed to the public. Call ahead for availability.,Supplies are limited. Call ahead for availiability.,"This location has access to diapers, wipes and formula.",400 North Lexington Avenue,,Pittsburgh,Pennsylvania,15208,active,Focused on families with infants or toddlers.,family_support,No,,no,Family Support Center
-79.9872885,40.438044,1919,{17DE278B-380D-4D87-8A60-53CB08B8C7F5},2020/04/20 18:50:40,,(412) 471-2600,,Life's Work of Western PA,https://www.lifesworkwpa.org/,Location is closed to the public. Call ahead for availability.,Supplies are limited. Call ahead for availability.,"This location has access to diapers, wipes and formula.",1323 Forbes Avenue,,Pittsburgh,PA,15219,active,Focused on families with infants and toddlers.,family_support,No,,no,Family Support Center
-79.9704,40.442058,1920,{9F447D24-57F2-44AE-89B1-A0E2BED92CA1},2020/04/20 19:13:29,,(412) 383-1575,,Matilda Theiss Child Development Center,https://www.upmc.com/services/behavioral-health/child-development,Location is closed to the public. Call ahead for availability.,Supplies are limited. Call ahead for availability.,"This location has access to diapers, wipes and formula.",373 Burrows Street,,Pittsburgh,PA,15213,active,Focused on families with infants or toddlers.,family_support,No,,no,Family Support Center
-79.8875685,40.420872,1921,{91A7BE11-9420-402C-8ED7-12960A2A31A1},2020/04/20 19:43:02,,(412) 945-7670,,Maya Organization,https://mayaorganization.org/,Location is closed to the public. Call ahead for availability.,Supplies are limited. Call ahead for availability.,"This location has access to diapers, wipes and formula.",7451 Washington Avenue.,,Pittsburgh,PA,15218,active,Focused on families with infants and toddler.,family_support,No,,no,Family Support Center
-79.969080971,40.445996387,1922,{9AB48954-2DA1-4FA9-8610-A942CE5567EB},2020/04/20 19:41:08,,(412) 621-7788,,New Light Temple Baptist Church,https://www.facebook.com/NLTBC/,Location is closed to the public. Call ahead for availability.,Supplies are limited. Call ahead for availability.,"This location has access to diapers, wipes and formula.",2546 Centre Avenue,,Pittsburgh,PA,15219,active,Focused on families with infants and toddlers.,family_support,No,,no,Family Support Center
-80.016339456,40.4580617600001,1923,{B92C8117-7B85-4B92-8833-79757E3A18FB},2020/04/20 19:39:42,,(412) 323-1163,,Northside Common Ministries,http://www.ncmin.org/,Location is closed to the public. Call ahead for availability.,Supplies are limited. Call ahead for availability.,"This location has access to diapers, wipes and formula.",1601 Brighton Road,,Pittsburgh,PA,15212,active,Focused on families with infants and toddlers.,family_support,No,,no,Family Support Center
-79.9257870179999,40.416895498,1924,{0DB30037-98B7-4343-89FB-E799E9F76051},2020/04/20 19:41:53,,(412) 422-7442,,Squirrel Hill Health Center,http://squirrelhillhealthcenter.org/,Location is closed to the public. Call ahead for availability.,Supplies are limited. Call ahead for availability.,"This location has access to diapers, wipes and formula.",4516 Browns Hill Road,,Pittsburgh,Pennsylvania,15217,active,Focused on families with infants and toddlers.,family_support,No,,no,Family Support Center
-79.9899525,40.410468,1925,{E8010AEA-5A8B-4585-806E-41E5073E523B},2020/04/20 19:40:22,,(412) 381-9215,,Trinity Evangelical Lutheran Church,http://plumofpa.com/TrinityMtOliver.htm,Location is closed to the public. Call ahead for availability.,Supplies are limited. Call ahead for availability.,"This location has access to diapers, wipes and formula.",601 Brownsville Road,,Pittsburgh,PA,15210,active,Focused on families with infants and toddlers.,family_support,No,,no,Family Support Center
-80.060721354,40.465314807,1926,{D75E972F-66A1-46C9-802D-F34332B39088},2020/04/20 19:38:57,,(412) 771-1008,,Zellous Hope Project,https://www.zelloushope.com/,Location is closed to the public. Call ahead for availability.,Supplies are limited. Call ahead for availability.,"This location has access to diapers, wipes and formula.",611 Chartiers Avenue,,Pittsburgh,PA,15136,active,Focused on families with infants and toddlers.,family_support,No,,no,Family Support Center
-79.989437777,40.4111665610001,1928,{B121B546-7913-4140-86E8-8EF14EA103F3},2020/04/24 12:58:19,Lisa Pietrusza - Interpretation and translation services available.,,pittalum07@yahoo.com,Louisa Way Take What You Need,,"Accessible on Louisa Way, look for neon green signage on street and house with large mural.  Small outdoor pantry located on wall in front of red fence.  Accesible en Louisa Way, busque letreros de neón verde en la calle y en la casa con un gran mural. Pequeña despensa al aire libre ubicada en la pared frente a la valla roja.","Self serve.  Available 24 hours per day, 7 days per week.Autoservicio. Disponible las 24 horas del día, los 7 días de la semana.","Selection of pasta, noodles, rice, canned vegetables and fruit, canned beans, canned meat, sauce, bread, ready to heat meals, peanut butter, hygiene, and cleaning products.  Replenished daily. Selection may vary.  No refrigerated or frozen items.  Bags tied to fence.  Need something specific?  Please leave a note in notebook provided.   Selección de pastas, fideos, arroz, verduras y frutas enlatadas, frijoles enlatados, carne enlatada, salsa, pan, comidas listas para calentar, mantequilla de maní, productos de higiene y limpieza. Reabastecido diariamente. La selección puede variar. No hay artículos refrigerados o congelados. Bolsas atadas a la valla. ¿Necesitas algo específico? Por favor, deje una nota en el cuaderno proporcionado.",Between 501-510 Louisa Way. (Rear of 437 Carl St.),,Pittsburgh,PA,15210,active,No restrictions,"everyone,students,senior_citizens",No,,no,
-80.343116491,40.9990306400001,1931,{E1E26294-52BB-473A-8382-5095617B586F},2020/05/05 17:27:58,,,,Family Care Ministry at City Rescue Mission,https://www.cityrescuemission.org/home/need-help/emergency-dist/,Call 724-652-4321 to schedule a time to pick up food. Ring the doorbell when you arrive at Family Care and we will bring the food out to your car.,Monday - Friday from 9:00 a.m. to 11:00 a.m. and 12:30 a.m. to 3:30 p.m.,(none),319 S Croton Ave,,New Castle,PA,16101,active,Any individual (s) and families effected by COVID-19 are eligible to receive a food basket.,"everyone,students,senior_citizens",No,,no,
-79.812819,40.381299,1936,{080DE49C-9B0D-445A-820F-A4A292E9B797},2020/05/14 20:22:09,,(412) 823-9687,,VFW Post 8430,https://www.facebook.com/VFW-Post-8430-1019716451429520/?hc_ref=ARQEnQsJ4--RN08mHCtpYXik4KHmAIE363zriK1kSb1-8afrNH23kMiNnYWNmcq8BoE&fref=nf&__tn__=kC-R,By appointment only. Call first to make an appointment for pick up or if you need food delivered.,By appointment only.,By appointment only. Call first to make an appointment for pick up or if you need food delivered.,1200 Broadway Street,,East McKeesport,PA,15035,active,Everyone,"everyone,students,senior_citizens",No,,no,
-79.837811602,40.4029318870001,1937,{DAC7CDF9-D049-470B-8C9B-7FCC143A9A51},2020/05/14 20:30:12,,(412) 824-9188,,Presentation of Christ,http://www.ypapanti.net/get-involved/outreach-ministry/?fbclid=IwAR2GtlGS7tcANBEnDnoenk5ZOpgPwhF6OBAVJdynZA5bc15pcjSpSnBf8To,Located in Community Center,4th Saturday of every month 10-11 am,Free groceries,1672 Electric Avenue,,East Pittsburgh,PA,15112,active,Everyone,"everyone,students,senior_citizens",No,,no,
-79.9819425,40.370427,1938,{8A4FE4F5-52EF-4022-8BF1-46C63C5391AA},2020/05/14 20:38:14,George Scott or John Kaufman or Kevin Carmichael,(815) 483-7431 or (412) 452-0441 or (412) 417-3004,,Brentwood VFW Post 1810,https://brentwoodvfw.org/,Pop-up food bank offering food to veterans,Call for more information.,,3801 Saw Mill Run Boulevard,,Pittsburgh,PA,15227,active,Veterans and their families only - Must show DD214 or ID,none_of_the_above,No,,no,Veterans only
-80.0004735,40.453686,1942,{5702A1F3-4653-40C3-845C-F5EA4FCE62D4},2020/05/18 20:11:15,,(412) 322-2494,,Arnold's Tea,,Providing free grab and go dinners to local families while supplies last.,"Thursdays, Fridays and Saturdays from 3 pm - 7 pm (while supplies last)",Free grab and go dinners,502 East Ohio Street,,Pittsburgh,PA,15212,active,Local families,"everyone,students,senior_citizens",No,,no,
-79.962435,40.448895468,1943,{27FF0335-A43A-4298-8A74-5993FED51A21},2020/05/20 12:43:14,,,,University Prep Early Childhood School,,Pick-up available in school parking lot,Every Thursday from 10 am - 1 pm,Paragon Foods will distribute a mixed bag of fresh vegetables.,3117 Centre Avenue,,Pittsburgh,PA,15219,active,Everyone,"everyone,students,senior_citizens",No,,no,
-80.005707,40.3883505,1944,{A33207B9-EDAD-49F4-8A76-84E936A8F7C2},2020/05/20 12:43:40,,,,Carmalt Early Childhood Center,,Pick-up available in school parking lot,Every Thursday from 10 am - 1 pm,Paragon Foods will distribute a mixed bag of fresh vegetables.,1550 Breining Street,,Pittsburgh,PA,15234,active,Everyone,"everyone,students,senior_citizens",No,,no,
-80.019036,40.489164,1945,{EFBFD93B-DDB5-4F37-85C6-7BEF9F43010E},2020/05/20 12:42:02,,,,Perry High School,,Pick-up available in school parking lot,Every Thursday from 10 am - 1 pm,Paragon Foods will distribute a mixed bag of fresh vegetables.,3875 Perrysville Avenue,,Pittsburgh,PA,15214,active,Everyone,"everyone,students,senior_citizens",No,,no,
-79.893692507,40.4527004550001,1946,{9342A334-E9FD-4F7B-82DE-6F503F1F2208},2020/05/20 12:44:03,,,,Faison K-5 School,,Pick-up available in school parking lot,Every Thursday from 10 am - 1 pm,Paragon Foods will distribute a mixed bag of fresh vegetables.,7430 TIoga Street,,Pittsburgh,PA,15208,active,Everyone,"everyone,students,senior_citizens",No,,no,
-80.0496855,40.448601,1947,{36D5DEC2-7E4F-4A3B-87E4-457E1CD2BB2A},2020/05/20 12:42:19,,,,Pittsburgh Gifted Center,,Pick-up is available in school parking lot,Every Thursday from 10 am - 1 pm,Paragon Foods will distribute a mixed bag of fresh vegetables.,1400 Crucible Street,,Pittsburgh,PA,15205,active,Everyone,"everyone,students,senior_citizens",No,,no,
-80.099133667,40.5500131520001,1955,{9176BB43-F1BD-4771-8F0E-10DF09E15DEE},2020/05/26 20:27:25,,,,Triumph Church,https://triumph1293.org/index.html,Fresh produce pick-up,Every Wednesday starting at 5 pm until June 24th,Fresh produce pick-up,1293 Mt. Nebo Road,,Pittsburgh,PA,15237,active,All are welcome.,"everyone,students,senior_citizens",No,,yes,Until June 24th
-80.257178476,40.206865082,1963,{FD34DEBE-D14F-4ACC-81A7-C59BB19D6B02},2020/05/29 20:20:42,412 Food Rescue,,,Washington County Fairgrounds,,"Drive-up, no contact Farmers to Families food box distribution. First-come, first-serve. Enough for 1000 cars.","Fridays from 1 pm - 3 pm (5/29, 6/5, 6/12, 6/19 and 6/26)",Each car will receive a box full of fresh produce and dairy items.,2151 North Main Street,,Washington,PA,15301,active,Everyone,"everyone,students,senior_citizens",No,,yes,Until June 26th
-79.8851401919999,40.4438432260001,1968,{5BD27780-B325-4EB4-8A1B-0EA53B6CCA64},2020/06/03 12:40:17,,(412) 436-9836,freestorewilkinsburg@gmail.com,Free Store Wilkinsburg,https://www.freestorewilkinsburg.org/,"No identification  is required. For safety reasons, no more than 10 shoppers are permitted in the store at a time. Do not park in the gated parking lot next to the building.",Every Friday 10 am -  1 pm and Saturday 11 am - 1 pm,Produce distribution in the store. No appointment necessary.,619 Penn Avenue,,Pittsburgh,PA,15221,active,Everyone,"everyone,students,senior_citizens",No,,no,
-79.493038573,40.3130673680001,1971,{91A2F98E-0185-4AC0-8362-86C60F9599FA},2020/06/05 13:13:59,,,,Achieva,https://www.facebook.com/BeverlysBirthdays/,Distribution will be in the parking lot. his event will practice social distancing. Our team will be wearing masks and we ask that you please do the same.,"Friday, June 12th from 10 am - 1 pm","Baby supplies distribution. Must register first - spots are limited. Our distribution day can provide families with:Diapers, Wipes, Formula, Baby Food, Snacks and Baby Hygiene Products.",316 Donohoe Road,,Greensburg,PA,15601,active,Parent or caregiver of a baby. Registration is required for this event. It is not open to the public. Spaces are limited.http://babiesintheburghwc.eventbrite.com,family_support,No,,yes,One day - June 12th
-79.9989552489999,40.441876902,1972,{A913065B-3663-467D-86D0-2B93D2DF1B64},2020/06/05 13:12:14,,,,First Presbyterian Church,,Use accessible entrance off Oliver Avenue.,"Monday, June 8th - Friday, June 12th from 11 am - 1 pm",Emergency food and toiletries distribution,320 Sixth Avenue,,Pittsburgh,PA,15222,active,Everyone,"everyone,students,senior_citizens",No,,yes,June 8th - 12th
-80.0098298469999,40.435722006,1973,{37CC3883-11C0-4AF2-8782-12C3569B3C01},2020/06/08 12:47:32,,,,Highmark Stadium,https://www.pittsburghfoodbank.org/get-help/emergency-distributions/,"Drive-up food distribution. Each vehicle will receive one food share (at least 50 pounds of food) per vehicle. Due to the high demand for assistance, to ensure as many people receive food as possible, we must adhere to this policy. The Food Bank will be able to serve up to 600 vehicles at this distribution. 
Each vehicle will receive one food share (at least 50 pounds of food) per vehicle. Due to the high demand for assistance, to ensure as many people receive food as possible, we must adhere to this policy. The Food Bank will be able to serve up to 600 vehicles at this distribution.","Thursday, June 11th from 10 am - 12 pm","The Food Bank is asking individuals to follow these guidelines:
For everyone’s safety, individuals attending the distribution must stay in their vehicles at all times. This will help us maintain six-foot social distancing guidelines. Leaving cars to socialize is strictly prohibited.
After pulling into “distribution row”, please put your vehicle in park and unlock your trunk or backseat for food to be loaded. Volunteers will not load food into vehicles until they are in park. Please stay in your vehicle.
Attendees will not be required to fill out a registration form in order to receive food.",510 West Station Square Drive,,Pittsburgh,PA,15219,active,Everyone,"everyone,students,senior_citizens",No,,yes,One day - June 11th
-79.885917,40.294377,1974,{DE3B9332-E151-4428-8FF3-BAC1B5488817},2020/06/08 12:47:06,,,,Clairton High School,,Drive-up or walk-up food distribution. No contact pick-up.,"Friday, June 12th from 1 pm - 3 pm",Fresh produce and dairy boxes for anyone in need,501 Waddell Avenue,,Clairton,PA,15025,active,Everyone,"everyone,students,senior_citizens",No,,yes,One day - June 12th
-78.8345055,40.294062,1975,{C8AA4BBB-2A09-4335-8BBD-A2323AA2D1D6},2020/06/11 12:34:15,,,,Johnstown Galleria,https://www.pittsburghfoodbank.org/get-help/emergency-distributions/,"Drive-up food distribution. Each vehicle will receive one food share (at least 50 pounds of food) per vehicle. Due to the high demand for assistance, to ensure as many people receive food as possible, we must adhere to this policy. The Food Bank will be able to serve up to 750 vehicles at this distribution. 
For the safety of the staff and volunteers working to set-up the event, those attending the event are asked to arrive no earlier than when the event starts at 1 p.m. Those who arrive prior to 1 p.m. may be asked to return at that time. The distribution will end promptly at 3 p.m.","Tuesday, June 16th from 1 pm - 3 pm","The Food Bank is asking individuals to follow these guidelines:
For everyone’s safety, individuals attending the distribution must stay in their vehicles at all times. This will help us maintain six-foot social distancing guidelines. Leaving cars to socialize is strictly prohibited.
After pulling into “distribution row”, please put your vehicle in park and unlock your trunk or backseat for food to be loaded. Volunteers will not load food into vehicles until they are in park. Please stay in your vehicle.
Attendees will not be required to fill out a registration form in order to receive food.",500 Galleria Drive,,Johnstown,PA,15904,active,Everyone,"everyone,students,senior_citizens",No,,yes,One day - June 16th
-80.04499301,40.3362606480001,1976,{021F51AA-C01C-4BFB-8E2E-9EB89D1E8D86},2020/06/10 12:55:36,,,,Bethel Park High School,https://www.pittsburghfoodbank.org/get-help/emergency-distributions/,"Drive-up food distribution. Each vehicle will receive one food share (at least 50 pounds of food) per vehicle. Due to the high demand for assistance, to ensure as many people receive food as possible, we must adhere to this policy. The Food Bank will be able to serve up to 1,000 vehicles at this distribution. 
For the safety of the staff and volunteers working to set-up the event, those attending the event are asked to arrive no earlier than when the event starts at 11 a.m. Those who arrive prior to 11 a.m. may be asked to return at that time. The distribution will end promptly at 1 p.m","Saturday, June 20th from 11 am - 1 pm","The Food Bank is asking individuals to follow these guidelines:
For everyone’s safety, individuals attending the distribution must stay in their vehicles at all times. This will help us maintain six-foot social distancing guidelines. Leaving cars to socialize is strictly prohibited.
After pulling into “distribution row”, please put your vehicle in park and unlock your trunk or backseat for food to be loaded. Volunteers will not load food into vehicles until they are in park. Please stay in your vehicle.
Attendees will not be required to fill out a registration form in order to receive food.",309 Church Road,,Bethel Park,PA,15102,active,Everyone,"everyone,students,senior_citizens",No,,yes,One day - June 12th
-79.8967965,40.456154263,1977,{653B52AC-9218-4E00-8ACA-CE9B14535079},2020/06/10 12:57:14,Tacumba Turner,(412) 242-4920 option 4,,Bible Center Church,https://www.facebook.com/bcpgh/?ref=py_c,Oasis Project Produce Distribution,"Tuesdays, June 16th and June 23rd from 2 pm - 4 pm",Boxes of produce are free to individuals and families. There are no formal eligibility requirements,717 North Homewood Avenue,,Pittsburgh,PA,15208,active,Everyone - no formal eligibility requirements,"everyone,students,senior_citizens",No,,yes,Until June 23rd
-78.947793,40.301379,1978,{D36EA4B3-59B4-4EB3-825B-269192790613},2020/06/11 12:34:43,,(814) 255-7209,,Veteran's Leadership Program,https://www.facebook.com/VeteransLeadershipProgram/,All Veterans and Military Families in need of food are welcome,"Monday, June 29th at 12 pm",Military Share food distribution,727 Goucher Street,,Johnstown,PA,15905,active,Veterans and Military Families,none_of_the_above,No,,yes,One day - June 29th
-80.012059328,40.4469493130001,1979,{ED4362D4-1F56-46C3-81C0-E887AD3A9007},2020/06/11 12:35:10,,,,Gold Lot 1A - North Side,,Drive-up or walk-up food distribution. No contact.,"Saturday, June 13th from 10 am - 12 pm",Fresh produce and dairy boxes for anyone in need,792 West General Robinson Street,,Pittsburgh,PA,15212,active,Everyone,"everyone,students,senior_citizens",No,,yes,One day - June 13th
